732,628,665,25,25,18699
746,692,657,25,25,18728
748,651,650,25,25,18757
747,608,641,25,25,18785
770,607,651,25,25,18814
757,623,662,25,25,18843
764,600,676,25,25,18872
793,605,656,25,25,18900
795,621,633,25,25,18929
812,625,629,25,25,18958
828,613,630,25,25,18987
825,591,634,25,25,19015
847,621,646,25,25,19044
851,623,650,25,25,19073
846,608,630,-25,25,19102
844,587,627,25,25,19135
795,585,624,25,25,19164
718,592,635,25,25,19192
703,601,632,25,25,19221
710,593,629,25,25,19250
702,573,626,25,25,19279
714,566,630,25,25,19307
707,575,604,25,25,19336
688,583,611,25,25,19365
694,592,629,25,25,19394
696,590,645,25,25,19422
693,576,619,25,25,19451
714,585,606,25,25,19480
654,555,612,25,25,19509
654,538,597,25,25,19537
658,557,583,25,25,19566
645,563,565,25,25,19595
648,549,627,25,25,19624
630,576,661,25,25,19652
605,583,637,25,25,19681
602,607,635,25,25,19710
619,614,646,25,25,19739
638,605,640,25,25,19768
635,606,641,25,25,19796
599,602,641,25,25,19825
637,608,668,25,25,19854
625,613,666,25,25,19883
628,635,641,25,25,19911
625,639,651,25,25,19940
616,620,668,25,25,19969
628,623,683,25,25,19998
634,624,645,25,25,20026
628,650,664,25,25,20055
615,630,651,25,25,20084
622,641,632,25,25,20113
633,641,647,25,25,20141
648,654,647,25,25,20170
663,651,663,25,25,20199
697,652,666,25,25,20228
685,661,685,25,25,20256
683,629,674,25,25,20285
672,644,648,25,25,20314
652,653,667,25,25,20343
641,660,691,25,25,20371
639,659,658,25,25,20400
629,655,641,25,25,20429
651,660,662,25,25,20458
661,663,650,25,25,20486
654,656,679,25,25,20515
641,653,684,25,25,20544
643,660,661,25,25,20573
650,664,631,25,25,20601
641,660,627,25,25,20630
653,689,625,25,25,20659
657,637,625,25,25,20688
648,624,613,25,25,20716
658,642,621,25,25,20745
666,628,620,25,25,20774
670,620,632,25,25,20803
655,622,618,25,25,20831
672,624,633,25,25,20860
677,599,634,25,25,20889
666,619,640,25,25,20918
651,620,650,25,25,20946
643,607,647,25,25,20975
645,589,663,25,25,21004
601,578,660,25,25,21033
630,553,641,25,25,21061
637,555,650,25,25,21090
630,591,632,25,25,21119
593,596,650,25,25,21148
599,584,624,25,25,21176
624,582,604,25,25,21205
626,615,644,25,25,21234
617,644,665,25,25,21263
629,630,666,25,25,21291
630,606,668,25,25,21320
625,585,649,25,25,21349
602,591,633,25,25,21378
575,570,645,25,25,21406
602,600,660,25,25,21435
588,602,646,25,25,21464
566,622,663,25,25,21493
566,613,662,25,25,21521
507,608,645,25,25,21550
574,636,653,25,25,21579
623,647,662,25,25,21608
643,656,651,25,25,21636
660,665,640,25,25,21665
666,660,643,25,25,21694
672,668,647,25,25,21723
686,671,659,25,25,21751
712,636,664,25,25,21780
711,650,713,25,25,21809
730,647,679,25,25,21838
731,626,664,25,25,21866
750,599,632,25,25,21895
771,593,660,25,25,21924
758,618,677,25,25,21953
785,643,661,25,25,21981
817,667,659,25,25,22010
824,711,693,25,25,22039
850,679,660,25,25,22068
840,635,650,25,25,22093
840,617,662,25,25,22122
831,589,620,25,25,22151
845,578,645,25,25,22180
854,638,633,25,25,22209
867,664,647,-25,25,22237
857,650,607,-25,25,22267
755,647,603,-25,25,22297
637,649,619,25,25,22331
633,637,647,25,25,22360
630,621,630,25,25,22388
648,636,621,25,25,22417
644,644,625,25,25,22446
672,674,633,25,25,22475
685,670,630,25,25,22503
689,655,633,25,25,22532
727,641,628,25,25,22561
726,638,634,25,25,22590
676,640,652,25,25,22618
669,638,625,25,25,22647
663,651,617,25,25,22676
653,665,657,25,25,22705
639,655,641,25,25,22733
680,674,663,25,25,22762
686,686,645,25,25,22791
665,728,644,25,25,22820
664,734,637,25,25,22848
689,734,640,25,25,22877
657,735,641,25,25,22906
661,750,648,25,25,22935
670,758,660,25,25,22963
673,785,657,25,25,22992
668,824,650,25,25,23021
671,835,644,25,25,23050
677,849,662,25,25,23078
669,871,641,25,25,23107
663,882,617,25,25,23133
653,884,637,25,25,23160
639,904,653,25,25,23186
618,886,632,25,25,23213
604,893,657,25,25,23239
626,890,683,25,25,23266
634,893,679,25,25,23292
628,889,653,25,25,23319
631,890,640,25,25,23345
628,900,655,25,25,23372
624,902,665,25,25,23398
612,895,672,25,25,23425
620,895,679,25,25,23451
615,895,683,25,25,23477
601,891,669,25,25,23504
602,898,668,25,25,23530
603,896,655,25,25,23557
625,900,671,25,25,23583
620,898,675,25,25,23610
590,892,674,25,25,23636
604,886,669,25,25,23663
617,887,647,25,25,23689
609,894,640,25,25,23716
596,892,665,25,25,23742
593,887,667,25,25,23769
582,890,641,25,25,23795
631,892,660,25,25,23821
633,876,677,25,25,23848
630,853,637,25,25,23874
636,837,614,25,25,23901
646,813,647,25,25,23930
671,798,676,25,25,23958
653,768,667,25,25,23987
647,748,673,25,25,24016
635,712,683,25,25,24045
647,667,703,25,25,24073
636,654,668,25,25,24102
628,653,656,25,25,24131
637,664,660,25,25,24160
628,660,653,25,25,24188
649,661,639,25,25,24217
651,642,655,25,25,24246
658,661,700,25,25,24275
667,659,658,25,25,24303
685,639,650,25,25,24332
673,617,674,25,25,24361
659,632,668,25,25,24390
665,628,631,25,25,24418
659,643,648,25,25,24447
648,657,617,25,25,24476
673,638,648,25,25,24505
673,629,654,25,25,24533
688,626,619,25,25,24562
678,644,648,25,25,24591
671,659,688,25,25,24620
663,659,683,25,25,24648
673,652,669,25,25,24677
654,644,665,25,25,24706
654,652,673,25,25,24735
670,660,650,25,25,24763
669,670,665,25,25,24792
666,661,672,25,25,24821
675,645,667,25,25,24850
655,649,662,25,25,24878
673,646,616,25,25,24907
662,644,596,25,25,24936
641,641,645,25,25,24965
609,625,664,25,25,24993
631,614,650,25,25,25022
642,594,624,25,25,25051
678,669,638,25,25,25080
684,794,661,25,25,25108
642,878,650,25,25,25137
602,893,672,25,25,25164
616,895,704,25,25,25190
612,903,698,25,25,25217
601,911,681,25,25,25243
617,885,681,25,25,25269
637,899,699,25,25,25296
639,876,703,25,25,25322
834,779,695,25,25,25349
897,644,687,25,25,25378
893,597,665,-25,25,25406
885,590,630,-25,25,25436
882,596,624,-25,25,25466
884,581,663,-25,25,25496
877,584,662,-25,25,25526
886,623,652,-25,25,25556
885,622,615,-25,25,25586
885,624,621,-25,25,25616
882,615,621,-25,25,25646
849,628,607,-25,25,25675
686,673,636,25,25,25709
596,744,631,25,25,25738
599,742,628,25,25,25766
713,623,669,25,25,25795
829,576,659,25,25,25824
878,601,630,25,25,25853
881,620,629,-25,25,25881
872,586,612,-25,25,25911
878,567,599,-25,25,25941
874,593,632,-25,25,25971
875,576,634,-25,25,26001
782,564,663,-25,25,26031
566,553,632,25,25,26064
579,625,627,25,25,26093
591,678,623,25,25,26122
583,633,641,25,25,26151
640,575,609,25,25,26179
821,558,624,25,25,26208
880,556,614,25,25,26237
941,602,601,-25,25,26266
860,589,606,-25,25,26295
852,596,591,-25,25,26325
863,597,603,-25,25,26355
878,598,585,-25,25,26385
880,581,590,-25,25,26415
856,572,557,-25,25,26445
653,574,547,-25,25,26475
592,673,581,25,25,26508
609,797,607,25,25,26537
622,836,614,25,25,26566
615,780,630,25,25,26594
604,677,655,25,25,26623
616,575,644,25,25,26652
749,574,606,25,25,26681
880,581,609,25,25,26709
864,568,617,-25,25,26738
854,573,610,-25,25,26768
879,567,608,-25,25,26798
867,584,619,-25,25,26828
854,571,604,-25,25,26858
827,573,626,-25,25,26888
599,589,639,25,25,26921
584,611,654,25,25,26950
583,622,673,25,25,26978
615,631,665,25,25,27007
748,651,686,25,25,27036
856,620,676,25,25,27065
877,626,663,-25,25,27093
855,635,654,-25,25,27123
862,604,655,-25,25,27153
880,571,645,-25,25,27183
875,526,651,-25,25,27213
801,533,682,-25,25,27243
618,580,658,25,25,27276
599,614,667,25,25,27305
600,617,644,25,25,27334
589,642,657,25,25,27363
637,638,672,25,25,27391
742,592,658,25,25,27420
854,596,649,25,25,27449
889,593,665,-25,25,27478
882,563,655,-25,25,27508
885,589,629,-25,25,27537
877,595,615,-25,25,27567
877,559,652,-25,25,27597
777,531,637,-25,25,27627
570,545,613,25,25,27661
559,576,620,25,25,27689
555,562,613,25,25,27718
573,551,637,25,25,27747
636,532,639,25,25,27776
751,555,651,25,25,27804
852,569,645,25,25,27833
869,559,643,-25,25,27862
872,525,662,-25,25,27892
860,489,654,-25,25,27922
856,543,662,-25,25,27951
832,530,680,-25,25,27981
632,556,630,25,25,28015
555,515,602,25,25,28044
551,552,606,25,25,28072
555,542,602,25,25,28101
604,540,619,25,25,28130
688,555,613,25,25,28159
789,558,648,25,25,28187
867,586,649,25,25,28216
862,591,631,-25,25,28245
860,606,621,-25,25,28275
855,580,602,-25,25,28305
842,566,636,-25,25,28334
685,565,606,25,25,28368
559,560,578,25,25,28397
564,561,617,25,25,28426
593,564,590,25,25,28454
623,569,610,25,25,28483
724,538,608,25,25,28512
808,529,590,25,25,28541
876,565,611,25,25,28569
889,535,619,-25,25,28598
870,629,653,-25,25,28628
855,584,597,-25,25,28658
852,537,603,-25,25,28688
804,592,561,-25,25,28718
626,568,521,25,25,28751
592,595,565,25,25,28780
606,596,602,25,25,28809
611,598,628,25,25,28837
686,565,662,25,25,28866
645,523,668,25,25,28895
658,504,650,25,25,28924
702,583,635,25,25,28952
748,622,615,25,25,28981
808,615,636,25,25,29010
858,614,661,25,25,29039
871,611,668,-25,25,29067
878,610,684,-25,25,29097
849,579,672,-25,25,29127
696,514,672,25,25,29161
627,540,685,25,25,29190
627,568,688,25,25,29218
649,632,688,25,25,29247
672,654,671,25,25,29276
682,655,663,25,25,29305
694,657,651,25,25,29333
747,658,651,25,25,29362
723,661,685,25,25,29391
731,673,676,25,25,29420
771,638,659,25,25,29448
783,651,647,25,25,29477
779,624,645,25,25,29506
784,584,669,25,25,29535
768,622,678,25,25,29563
776,622,659,25,25,29592
793,621,644,25,25,29621
759,660,643,25,25,29650
756,697,647,25,25,29678
724,676,645,25,25,29707
724,648,657,25,25,29736
708,654,639,25,25,29765
695,639,630,25,25,29793
686,613,640,25,25,29822
700,619,669,25,25,29851
708,630,663,25,25,29880
700,599,644,25,25,29908
662,607,630,25,25,29937
627,610,604,25,25,29966
626,595,613,25,25,29995
611,546,611,25,25,30023
603,575,635,25,25,30052
579,594,636,25,25,30081
588,586,606,25,25,30110
596,583,609,25,25,30138
578,582,595,25,25,30167
558,616,606,25,25,30196
583,672,617,25,25,30225
573,748,606,25,25,30253
597,826,593,25,25,30282
601,854,590,25,25,30311
591,860,596,25,25,30337
584,874,609,25,25,30364
579,830,578,25,25,30390
537,861,587,25,25,30419
532,855,561,25,25,30445
537,864,597,25,25,30472
530,855,579,25,25,30498
548,860,602,25,25,30525
573,870,625,25,25,30551
572,871,665,25,25,30578
570,867,651,25,25,30604
571,852,602,25,25,30631
602,836,605,25,25,30657
630,714,610,25,25,30686
631,700,646,25,25,30715
619,663,659,25,25,30743
639,632,649,25,25,30772
643,622,655,25,25,30801
641,615,616,25,25,30830
647,608,638,25,25,30858
621,630,695,25,25,30887
574,639,724,25,25,30916
627,667,711,25,25,30945
662,648,675,25,25,30973
684,666,671,25,25,31002
668,665,674,25,25,31031
690,665,730,25,25,31060
669,652,777,25,25,31088
703,662,842,25,25,31117
680,659,852,25,25,31146
688,665,892,25,-25,31175
676,662,896,25,-25,31205
657,641,900,25,-25,31234
635,647,887,25,-25,31264
651,650,845,25,-25,31294
639,623,796,25,-25,31324
645,623,726,25,-25,31354
623,625,675,25,-25,31384
611,617,650,25,-25,31414
634,641,644,25,-25,31444
649,626,634,25,-25,31474
609,630,633,25,-25,31504
572,631,647,25,-25,31533
538,639,657,25,-25,31563
587,619,655,25,-25,31593
673,634,637,25,-25,31623
584,715,660,25,-25,31653
570,800,630,25,-25,31683
584,857,634,25,-25,31713
585,865,622,25,25,31740
582,874,622,25,25,31767
596,882,632,25,25,31793
599,882,619,25,25,31820
576,886,621,25,25,31846
579,883,617,25,25,31873
561,884,618,25,25,31899
563,871,627,25,25,31926
568,868,630,25,25,31952
568,812,610,25,25,31979
544,752,632,25,25,32007
558,638,604,25,25,32036
559,603,622,25,25,32065
562,579,614,25,25,32094
614,622,658,25,25,32122
615,635,660,25,25,32151
588,624,642,25,25,32180
577,608,646,25,25,32209
578,615,653,25,25,32237
597,635,633,25,25,32266
613,634,652,25,25,32295
610,606,649,25,25,32324
630,616,640,25,25,32352
636,609,618,25,25,32381
627,604,606,25,25,32410
628,619,602,25,25,32439
579,616,625,25,25,32467
601,617,653,25,25,32496
620,594,625,25,25,32525
615,578,604,25,25,32554
616,602,603,25,25,32582
616,599,611,25,25,32611
641,606,624,25,25,32640
625,569,647,25,25,32669
621,623,650,25,25,32697
591,627,631,25,25,32726
586,628,611,25,25,32755
612,635,609,25,25,32784
628,645,636,25,25,32812
621,654,646,25,25,32841
620,663,634,25,25,32870
605,662,644,25,25,32899
618,689,642,25,25,32927
626,701,643,25,25,32956
640,719,635,25,25,32985
633,759,645,25,25,33014
639,796,665,25,25,33042
630,830,651,25,25,33071
642,860,663,25,25,33100
635,875,642,25,25,33126
639,874,627,25,25,33153
633,884,593,25,25,33179
658,887,618,25,25,33206
678,894,652,25,25,33232
664,891,645,25,25,33259
650,890,658,25,25,33285
672,892,690,25,25,33312
655,893,688,25,25,33338
659,891,673,25,25,33364
663,885,710,25,25,33391
645,855,696,25,25,33417
631,815,662,25,25,33444
643,725,682,25,25,33473
606,680,683,25,25,33501
594,630,681,25,25,33530
617,632,678,25,25,33559
634,640,663,25,25,33588
656,645,675,25,25,33616
651,667,716,25,25,33645
626,662,795,25,25,33674
618,657,885,25,25,33703
644,609,902,25,-25,33731
608,590,898,25,-25,33761
584,617,904,25,-25,33791
565,614,901,25,-25,33821
554,609,903,25,-25,33851
608,609,901,25,-25,33881
599,610,899,25,-25,33911
598,598,890,25,-25,33941
606,612,893,25,-25,33971
570,630,885,25,-25,34000
590,635,872,25,-25,34030
610,639,841,25,-25,34060
637,622,798,25,-25,34090
624,632,736,25,-25,34120
616,624,696,25,-25,34150
624,643,698,25,-25,34180
626,629,679,25,-25,34210
644,648,687,25,-25,34240
640,633,688,25,-25,34270
639,637,684,25,-25,34299
658,663,688,25,-25,34329
660,683,694,25,-25,34359
653,682,698,25,-25,34389
638,652,686,25,-25,34419
649,648,687,25,-25,34449
661,658,681,25,-25,34479
660,676,669,25,-25,34509
675,688,674,25,-25,34539
667,739,687,25,-25,34569
663,809,696,25,-25,34598
687,835,696,25,-25,34628
700,875,691,25,-25,34658
706,898,672,25,25,34686
690,903,679,25,25,34712
703,906,693,25,25,34739
698,901,692,25,25,34765
677,903,688,25,25,34792
699,903,693,25,25,34818
686,903,693,25,25,34845
694,904,676,25,25,34871
668,897,671,25,25,34897
655,851,665,25,25,34924
661,857,662,25,25,34950
674,838,666,25,25,34977
650,734,678,25,25,35006
631,716,665,25,25,35034
689,710,671,25,25,35063
686,708,671,25,25,35092
678,731,667,25,25,35121
685,789,670,25,25,35149
646,845,641,25,25,35178
629,887,651,25,25,35207
629,893,651,25,25,35233
643,889,636,25,25,35260
625,885,636,25,25,35286
622,887,631,25,25,35313
644,889,622,25,25,35339
639,882,628,25,25,35366
623,890,649,25,25,35392
620,882,634,25,25,35419
631,877,617,25,25,35445
628,865,629,25,25,35471
625,843,643,25,25,35498
600,810,618,25,25,35527
599,779,618,25,25,35555
586,675,635,25,25,35584
604,625,633,25,25,35613
571,613,631,25,25,35642
537,616,645,25,25,35670
528,564,652,25,25,35699
547,575,636,25,25,35728
557,571,668,25,25,35757
573,592,760,25,25,35785
577,571,841,25,25,35814
568,571,876,25,25,35843
575,550,881,25,-25,35872
581,569,884,25,-25,35902
573,596,881,25,-25,35932
586,595,888,25,-25,35961
607,576,881,25,-25,35991
615,544,876,25,-25,36021
609,539,870,25,-25,36051
594,522,875,25,-25,36081
596,527,854,25,-25,36111
585,534,820,25,-25,36141
558,565,791,25,-25,36171
530,575,721,25,-25,36201
529,563,686,25,-25,36231
561,578,648,25,-25,36260
573,579,624,25,-25,36290
598,584,623,25,-25,36320
602,592,623,25,-25,36350
597,590,610,25,-25,36380
599,602,604,25,-25,36410
615,581,585,25,-25,36440
605,580,575,25,-25,36470
586,603,563,25,-25,36500
580,602,581,25,-25,36529
584,616,601,25,-25,36559
585,629,608,25,-25,36589
617,654,609,25,-25,36619
640,722,614,25,-25,36649
626,772,621,25,-25,36679
607,832,617,25,-25,36709
572,867,615,25,-25,36739
580,869,610,25,25,36766
591,881,612,25,25,36793
604,882,586,25,25,36819
616,880,579,25,25,36846
636,882,571,25,25,36872
622,883,576,25,25,36899
640,876,594,25,25,36925
644,877,613,25,25,36952
655,865,626,25,25,36978
651,822,639,25,25,37004
634,722,647,25,25,37033
617,618,631,25,25,37062
623,598,655,25,25,37091
622,609,641,25,25,37120
620,628,621,25,25,37148
628,623,614,25,25,37177
637,606,600,25,25,37206
643,596,601,25,25,37235
656,583,647,25,25,37263
626,570,623,25,25,37292
618,541,599,25,25,37321
548,577,592,25,25,37350
487,579,603,25,25,37378
583,603,613,25,25,37407
622,614,646,25,25,37436
619,578,647,25,25,37465
582,597,617,25,25,37493
589,620,610,25,25,37522
568,609,644,25,25,37551
594,596,650,25,25,37580
615,602,658,25,25,37608
606,590,616,25,25,37637
520,578,635,25,25,37666
527,625,710,25,25,37695
542,635,657,25,25,37723
577,658,663,25,25,37752
612,666,670,25,25,37781
595,711,663,25,25,37810
596,748,676,25,25,37838
573,796,671,25,25,37867
561,835,672,25,25,37896
574,876,668,25,25,37925
587,876,679,25,25,37951
599,885,689,25,25,37977
591,886,689,25,25,38004
605,887,683,25,25,38030
641,884,676,25,25,38057
621,894,675,25,25,38083
660,884,679,25,25,38110
621,886,709,25,25,38136
629,889,658,25,25,38163
620,882,659,25,25,38189
619,881,652,25,25,38216
627,864,661,25,25,38242
626,824,668,25,25,38268
654,788,674,25,25,38297
654,724,671,25,25,38326
629,663,670,25,25,38355
663,633,661,25,25,38384
635,643,659,25,25,38412
628,650,649,25,25,38441
624,652,648,25,25,38470
648,633,634,25,25,38499
651,655,641,25,25,38527
612,633,699,25,25,38556
614,598,799,25,25,38585
629,624,864,25,25,38614
683,646,900,25,-25,38642
667,625,902,25,-25,38672
642,648,887,25,-25,38702
659,669,893,25,-25,38732
647,649,879,25,-25,38762
640,638,849,25,-25,38792
646,620,798,25,-25,38822
652,598,765,25,-25,38852
644,571,696,25,-25,38882
633,558,655,25,-25,38911
613,573,654,25,-25,38941
576,573,628,25,-25,38971
613,580,632,25,-25,39001
645,603,639,25,-25,39031
644,604,618,25,-25,39061
640,607,613,25,-25,39091
597,604,603,25,-25,39121
579,601,574,25,-25,39151
551,595,538,25,-25,39180
573,601,534,25,-25,39210
573,630,571,25,-25,39240
586,690,599,25,-25,39270
567,772,600,25,-25,39300
570,841,596,25,-25,39330
593,875,604,25,-25,39360
607,873,608,25,25,39387
586,876,619,25,25,39414
571,850,618,25,25,39440
585,857,631,25,25,39466
580,915,648,25,25,39493
590,891,620,25,25,39519
584,861,612,25,25,39546
580,838,621,25,25,39572
582,833,617,25,25,39601
588,895,621,25,25,39630
577,849,609,25,25,39656
592,837,575,25,25,39685
587,777,590,25,25,39714
553,708,625,25,25,39742
541,702,636,25,25,39771
534,685,609,25,25,39800
557,664,602,25,25,39829
591,587,609,25,25,39858
564,564,612,25,25,39886
562,548,599,25,25,39915
566,595,571,25,25,39944
548,579,605,25,25,39973
585,608,617,25,25,40001
591,613,646,25,25,40030
552,591,652,25,25,40059
571,613,670,25,25,40088
546,625,656,25,25,40116
525,628,655,25,25,40145
510,589,622,25,25,40174
565,603,598,25,25,40203
561,639,607,25,25,40231
619,673,593,25,25,40260
607,617,588,25,25,40289
605,639,630,25,25,40318
625,659,638,25,25,40346
589,683,650,25,25,40375
594,711,637,25,25,40404
623,763,662,25,25,40433
645,790,640,25,25,40461
630,803,650,25,25,40490
643,832,630,25,25,40519
640,849,635,25,25,40548
636,859,647,25,25,40576
664,862,643,25,25,40603
676,871,641,25,25,40629
668,881,664,25,25,40656
663,892,681,25,25,40682
662,895,665,25,25,40709
668,895,683,25,25,40735
686,898,704,25,25,40761
669,896,698,25,25,40788
642,903,686,25,25,40814
652,899,691,25,25,40841
631,896,670,25,25,40867
627,902,685,25,25,40894
634,886,677,25,25,40920
650,907,653,25,25,40947
634,902,658,25,25,40973
609,899,677,25,25,41000
626,896,681,25,25,41026
631,889,674,25,25,41053
638,894,639,25,25,41079
611,882,608,25,25,41105
611,886,617,25,25,41132
591,882,631,25,25,41158
604,879,656,25,25,41185
610,882,655,25,25,41211
681,886,631,25,25,41238
648,870,638,25,25,41264
601,839,629,25,25,41291
592,818,614,25,25,41319
571,787,591,25,25,41348
576,713,618,25,25,41377
586,651,581,25,25,41406
608,624,578,25,25,41434
604,598,594,25,25,41463
587,584,642,25,25,41492
611,592,640,25,25,41521
590,572,574,25,25,41549
585,586,587,25,25,41578
578,586,596,25,25,41607
550,563,586,25,25,41636
542,548,572,25,25,41664
551,584,589,25,25,41693
545,569,599,25,25,41722
552,547,563,25,25,41751
583,573,547,25,25,41780
616,585,566,25,25,41808
620,617,595,25,25,41837
580,606,591,25,25,41866
498,567,630,25,25,41895
534,614,690,25,25,41923
591,605,716,25,25,41952
606,606,744,25,25,41981
616,608,804,25,25,42010
618,544,837,25,25,42038
600,535,862,25,25,42067
594,555,882,25,-25,42096
580,553,879,25,-25,42126
575,563,884,25,-25,42156
579,586,872,25,-25,42185
608,591,847,25,-25,42215
584,611,813,25,-25,42245
600,615,750,25,-25,42275
619,620,712,25,-25,42305
624,620,662,25,-25,42335
622,612,627,25,-25,42365
618,595,612,25,-25,42395
617,581,640,25,-25,42425
626,572,640,25,-25,42455
608,605,628,25,-25,42484
592,627,620,25,-25,42514
590,633,621,25,-25,42544
597,631,620,25,-25,42574
607,633,610,25,-25,42604
617,637,609,25,-25,42634
642,688,625,25,-25,42664
625,753,634,25,-25,42694
613,809,639,25,-25,42724
619,870,633,25,-25,42754
619,881,619,25,25,42781
662,890,625,25,25,42808
669,887,632,25,25,42834
655,881,618,25,25,42860
620,880,621,25,25,42887
606,884,632,25,25,42913
642,882,646,25,25,42940
639,889,630,25,25,42966
639,859,635,25,25,42993
650,813,629,25,25,43019
625,692,646,25,25,43048
613,619,627,25,25,43077
629,607,644,25,25,43106
616,565,637,25,25,43134
608,581,666,25,25,43163
634,595,668,25,25,43192
689,564,620,25,25,43221
733,586,629,25,25,43249
800,596,626,25,25,43278
851,605,634,25,25,43307
873,596,626,-25,25,43336
872,615,628,-25,25,43365
870,597,632,-25,25,43395
804,610,645,-25,25,43425
641,623,641,25,25,43459
623,633,668,25,25,43487
664,654,676,25,25,43516
651,668,668,25,25,43545
606,666,657,25,25,43574
556,638,672,25,25,43602
575,631,652,25,25,43631
625,618,635,25,25,43660
628,640,617,25,25,43689
642,662,637,25,25,43717
654,648,640,25,25,43746
695,626,631,25,25,43775
736,619,611,25,25,43804
785,577,643,25,25,43832
821,636,653,25,25,43861
863,644,646,25,25,43890
874,606,624,-25,25,43919
867,585,603,-25,25,43948
861,570,595,-25,25,43978
834,539,611,-25,25,44008
657,551,616,25,25,44042
590,565,625,25,25,44071
619,596,616,25,25,44099
608,614,617,25,25,44128
579,591,592,25,25,44157
573,630,606,25,25,44186
592,601,618,25,25,44214
590,589,611,25,25,44243
640,588,596,25,25,44272
666,518,610,25,25,44301
699,489,647,25,25,44329
631,486,570,25,25,44358
712,531,595,25,25,44387
770,542,600,25,25,44416
796,558,611,25,25,44444
827,548,601,25,25,44473
857,555,586,25,25,44502
873,530,612,-25,25,44531
869,483,609,-25,25,44561
869,503,610,-25,25,44590
781,550,602,-25,25,44620
583,561,575,25,25,44654
561,574,594,25,25,44683
574,574,581,25,25,44711
595,576,593,25,25,44740
595,568,594,25,25,44769
610,579,614,25,25,44798
609,577,604,25,25,44826
594,593,606,25,25,44855
618,607,617,25,25,44884
630,598,608,25,25,44913
689,584,628,25,25,44941
756,580,641,25,25,44970
788,584,619,25,25,44999
814,582,585,25,25,45028
842,570,602,25,25,45056
870,542,604,25,25,45085
904,541,593,-25,25,45114
875,530,628,-25,25,45144
863,539,641,-25,25,45174
814,589,620,-25,25,45204
642,577,589,25,25,45237
611,602,633,25,25,45266
616,619,647,25,25,45295
619,611,664,25,25,45323
631,640,693,25,25,45352
628,626,746,25,25,45381
672,657,671,25,25,45410
706,704,669,25,25,45438
789,648,689,25,25,45467
830,656,698,25,25,45496
882,660,689,25,25,45525
903,651,679,-25,25,45553
898,633,636,-25,25,45583
889,616,634,-25,25,45613
798,630,679,-25,25,45643
656,637,678,25,25,45677
666,669,684,25,25,45705
691,678,705,25,25,45734
647,663,681,25,25,45763
660,640,667,25,25,45792
679,634,676,25,25,45820
670,626,673,25,25,45849
679,620,667,25,25,45878
733,640,682,25,25,45907
788,635,668,25,25,45935
833,641,651,25,25,45964
860,655,667,25,25,45993
894,664,667,-25,25,46022
892,656,641,-25,25,46052
880,642,643,-25,25,46081
795,662,652,-25,25,46111
652,640,646,25,25,46145
653,632,633,25,25,46174
655,632,618,25,25,46202
651,631,628,25,25,46231
644,637,622,25,25,46260
659,645,626,25,25,46289
671,636,641,25,25,46317
692,635,662,25,25,46346
733,651,664,25,25,46375
789,645,661,25,25,46404
830,659,627,25,25,46432
898,655,636,25,25,46461
884,629,667,-25,25,46490
886,625,675,-25,25,46520
876,610,630,-25,25,46550
865,637,633,-25,25,46579
808,599,618,-25,25,46609
674,635,646,25,25,46643
634,623,641,25,25,46672
659,619,693,25,25,46700
650,618,665,25,25,46729
662,627,644,25,25,46758
662,634,619,25,25,46787
695,621,623,25,25,46815
705,630,612,25,25,46844
736,623,646,25,25,46873
792,624,610,25,25,46902
820,630,614,25,25,46930
863,593,631,25,25,46959
875,623,639,-25,25,46988
869,621,606,-25,25,47018
868,576,642,-25,25,47048
849,560,655,-25,25,47078
787,522,625,25,25,47111
693,558,664,25,25,47140
689,603,675,25,25,47169
694,622,657,25,25,47197
717,646,648,25,25,47226
781,621,668,25,25,47255
826,597,663,25,25,47284
868,580,640,25,25,47312
870,600,643,-25,25,47341
880,623,649,-25,25,47371
868,631,627,-25,25,47401
836,651,630,-25,25,47431
766,643,652,25,25,47464
656,661,676,25,25,47493
654,665,674,25,25,47522
680,622,629,25,25,47551
720,640,647,25,25,47579
785,616,626,25,25,47608
835,585,641,25,25,47637
868,583,645,25,25,47666
877,584,602,-25,25,47694
862,524,616,-25,25,47724
847,551,666,-25,25,47754
866,582,684,25,25,47788
852,551,653,-25,25,47816
840,526,634,-25,25,47846
802,508,599,25,25,47880
708,537,610,25,25,47909
719,524,612,25,25,47937
759,490,606,25,25,47966
791,555,578,25,25,47995
832,587,581,25,25,48024
854,577,628,25,25,48052
874,551,630,-25,25,48081
859,532,612,-25,25,48111
866,536,603,-25,25,48141
851,528,621,-25,25,48171
824,510,587,-25,25,48201
696,506,549,25,25,48234
575,509,558,25,25,48263
554,524,606,25,25,48292
492,536,573,25,25,48321
563,466,590,25,25,48349
600,478,591,25,25,48378
634,533,628,25,25,48407
694,530,589,25,25,48436
747,551,622,25,25,48464
787,530,596,25,25,48493
842,497,604,25,25,48522
860,525,566,25,25,48551
853,560,589,-25,25,48579
847,555,615,-25,25,48609
849,565,603,25,25,48643
848,601,613,25,25,48671
853,576,631,25,25,48700
871,531,627,-25,25,48729
871,540,634,-25,25,48759
858,545,625,-25,25,48789
812,564,604,-25,25,48819
655,539,561,25,25,48852
601,528,565,25,25,48881
606,526,579,25,25,48910
579,536,608,25,25,48938
609,587,640,25,25,48967
634,528,635,25,25,48996
671,579,646,25,25,49025
707,602,614,25,25,49053
769,583,653,25,25,49082
793,627,635,25,25,49111
825,592,631,25,25,49140
834,607,638,25,25,49169
867,606,670,25,25,49197
867,575,635,-25,25,49226
878,589,634,-25,25,49256
850,571,646,-25,25,49286
779,570,642,-25,25,49312
641,574,641,25,25,49346
628,597,643,25,25,49375
631,607,656,25,25,49404
601,612,650,25,25,49433
584,608,664,25,25,49461
608,629,668,25,25,49490
635,612,651,25,25,49519
651,602,675,25,25,49548
682,599,644,25,25,49576
692,584,605,25,25,49605
696,606,585,25,25,49634
766,609,611,25,25,49663
801,604,627,25,25,49691
828,573,612,25,25,49720
873,569,638,25,25,49749
880,601,605,-25,25,49778
887,596,618,-25,25,49808
876,625,650,-25,25,49837
806,623,658,-25,25,49867
669,617,647,25,25,49901
621,620,658,25,25,49929
644,627,667,25,25,49958
644,631,663,25,25,49987
638,661,652,25,25,50016
659,619,657,25,25,50044
656,583,647,25,25,50073
684,633,626,25,25,50102
764,615,631,25,25,50131
834,588,648,25,25,50160
875,592,654,25,25,50188
873,570,595,-25,25,50217
890,573,604,-25,25,50247
872,539,613,-25,25,50277
856,545,610,-25,25,50307
781,545,604,-25,25,50336
636,545,585,25,25,50370
620,576,603,25,25,50399
626,588,612,25,25,50428
608,588,600,25,25,50456
582,602,602,25,25,50485
619,612,593,25,25,50514
641,597,622,25,25,50543
743,602,643,25,25,50571
822,624,631,25,25,50600
864,582,605,25,25,50629
874,603,654,-25,25,50658
867,577,630,-25,25,50687
862,558,571,-25,25,50717
868,585,581,-25,25,50747
800,617,617,-25,25,50777
704,645,612,25,25,50810
619,639,634,25,25,50839
637,669,649,25,25,50868
644,688,673,25,25,50897
665,650,671,25,25,50926
716,629,631,25,25,50954
760,603,671,25,25,50983
801,604,670,25,25,51012
868,596,651,25,25,51041
881,577,638,-25,25,51069
871,583,640,-25,25,51099
866,586,605,-25,25,51129
864,624,602,-25,25,51159
813,606,614,-25,25,51189
663,628,641,25,25,51222
632,628,646,25,25,51251
636,633,661,25,25,51280
608,611,658,25,25,51309
598,631,666,25,25,51337
627,621,636,25,25,51366
643,638,648,25,25,51395
648,621,646,25,25,51424
640,603,635,25,25,51452
684,559,614,25,25,51481
747,555,632,25,25,51510
774,576,609,25,25,51539
793,585,590,25,25,51568
806,548,599,25,25,51596
818,566,599,25,25,51625
829,543,586,25,25,51654
836,535,611,25,25,51683
834,546,643,25,25,51711
825,561,645,25,25,51740
845,573,626,25,25,51769
840,579,615,25,25,51798
860,580,636,25,25,51826
843,570,614,-25,25,51855
824,553,611,25,25,51888
806,576,616,25,25,51917
768,559,606,25,25,51946
729,540,612,25,25,51975
731,576,599,25,25,52004
697,599,611,25,25,52032
639,604,611,25,25,52061
559,605,630,25,25,52090
618,608,632,25,25,52119
600,606,644,25,25,52147
601,599,630,25,25,52176
611,613,636,25,25,52205
622,611,624,25,25,52234
556,546,641,25,25,52262
592,549,619,25,25,52291
588,603,624,25,25,52320
602,595,644,25,25,52349
624,572,639,25,25,52377
621,581,612,25,25,52406
595,645,631,25,25,52435
582,701,621,25,25,52464
592,793,603,25,25,52492
581,837,631,25,25,52521
583,870,632,25,25,52550
576,885,613,25,25,52576
625,864,615,25,25,52603
567,911,629,25,25,52629
563,855,636,25,25,52656
592,875,620,25,25,52682
610,889,624,25,25,52709
617,884,620,25,25,52735
612,887,613,25,25,52761
595,890,620,25,25,52788
628,884,633,25,25,52814
630,874,632,25,25,52841
666,833,631,25,25,52867
634,766,647,25,25,52896
615,670,644,25,25,52925
628,632,654,25,25,52954
602,624,655,25,25,52982
612,597,667,25,25,53011
632,615,672,25,25,53040
637,626,725,25,25,53069
600,619,829,25,25,53097
620,596,887,25,25,53126
567,593,897,25,-25,53155
543,592,891,25,-25,53185
558,583,902,25,-25,53215
599,584,899,25,-25,53245
593,569,884,25,-25,53274
600,566,895,25,-25,53304
578,561,885,25,-25,53334
595,588,865,25,-25,53364
573,608,830,25,-25,53394
561,613,807,25,-25,53424
597,604,757,25,-25,53454
591,583,723,25,-25,53484
556,578,682,25,-25,53514
597,570,649,25,-25,53544
616,597,637,25,-25,53573
573,585,631,25,-25,53603
540,559,632,25,-25,53633
573,548,625,25,-25,53663
551,557,619,25,-25,53693
529,590,632,25,-25,53723
547,591,632,25,-25,53753
570,578,617,25,-25,53783
582,596,624,25,-25,53813
537,635,641,25,-25,53843
576,700,633,25,-25,53872
586,725,654,25,-25,53902
579,784,680,25,-25,53932
585,823,692,25,-25,53962
577,864,689,25,-25,53992
600,878,663,25,25,54020
595,885,639,25,25,54046
611,884,633,25,25,54072
632,884,632,25,25,54099
634,885,631,25,25,54125
605,891,617,25,25,54152
602,887,628,25,25,54178
591,887,630,25,25,54205
594,878,620,25,25,54231
616,882,619,25,25,54258
636,872,601,25,25,54284
636,844,614,25,25,54311
612,792,610,25,25,54339
598,712,616,25,25,54368
614,713,629,25,25,54397
633,695,650,25,25,54426
655,682,659,25,25,54454
647,699,645,25,25,54483
630,651,647,25,25,54512
647,653,655,25,25,54541
645,641,665,25,25,54569
646,640,671,25,25,54598
622,624,685,25,25,54627
617,604,670,25,25,54656
627,604,640,25,25,54684
649,600,647,25,25,54713
585,586,623,25,25,54742
632,561,634,25,25,54771
643,621,644,25,25,54799
629,642,633,25,25,54828
644,652,643,25,25,54857
635,642,658,25,25,54886
625,620,647,25,25,54914
647,658,646,25,25,54943
631,657,631,25,25,54972
630,605,616,25,25,55001
641,592,621,25,25,55029
587,610,660,25,25,55058
589,664,630,25,25,55087
584,641,600,25,25,55116
584,565,600,25,25,55145
599,667,618,25,25,55173
596,691,636,25,25,55202
601,689,635,25,25,55231
581,715,628,25,25,55260
612,743,620,25,25,55288
559,768,606,25,25,55317
575,787,648,25,25,55346
543,788,617,25,25,55375
575,818,605,25,25,55403
576,826,625,25,25,55432
594,865,615,25,25,55461
576,855,568,25,25,55487
498,860,587,25,25,55514
594,874,589,25,25,55540
554,865,581,25,25,55567
538,854,584,25,25,55593
562,852,556,25,25,55619
485,860,565,25,25,55646
562,851,579,25,25,55672
568,848,555,25,25,55699
558,855,572,25,25,55728
553,865,588,25,25,55754
552,859,616,25,25,55781
576,859,612,25,25,55807
595,866,594,25,25,55833
652,865,618,25,25,55860
611,882,638,25,25,55886
593,871,625,25,25,55913
618,876,650,25,25,55939
596,875,657,25,25,55966
567,881,644,25,25,55992
543,884,662,25,25,56019
569,887,676,25,25,56045
574,881,658,25,25,56072
614,884,632,25,25,56098
612,887,621,25,25,56124
627,885,632,25,25,56151
621,883,644,25,25,56177
573,883,609,25,25,56204
578,890,618,25,25,56230
617,886,663,25,25,56257
612,884,667,25,25,56283
648,895,658,25,25,56310
653,892,640,25,25,56336
623,889,637,25,25,56363
624,896,668,25,25,56389
624,894,694,25,25,56416
627,891,666,25,25,56442
658,894,633,25,25,56468
672,893,679,25,25,56495
673,892,665,25,25,56521
664,889,661,25,25,56548
654,896,656,25,25,56574
610,889,652,25,25,56601
631,900,657,25,25,56627
649,891,651,25,25,56654
659,891,645,25,25,56680
673,886,661,25,25,56707
666,890,648,25,25,56733
616,893,625,25,25,56760
610,887,637,25,25,56786
619,885,652,25,25,56812
615,887,669,25,25,56839
606,876,622,25,25,56865
612,885,645,25,25,56892
609,878,667,25,25,56918
623,876,654,25,25,56945
630,882,632,25,25,56971
608,880,650,25,25,56998
592,885,643,25,25,57024
571,883,634,25,25,57051
604,882,637,25,25,57077
575,868,606,25,25,57104
597,875,609,25,25,57130
619,871,647,25,25,57156
638,873,660,25,25,57183
562,879,627,25,25,57209
546,858,612,25,25,57236
579,873,614,25,25,57262
598,872,631,25,25,57289
556,869,636,25,25,57315
557,874,608,25,25,57342
538,863,606,25,25,57368
543,858,571,25,25,57395
528,859,585,25,25,57421
486,858,574,25,25,57447
524,852,544,25,25,57474
489,841,542,25,25,57500
504,807,580,25,25,57529
541,798,587,25,25,57558
542,762,577,25,25,57587
520,733,595,25,25,57615
591,688,615,25,25,57644
571,592,609,25,25,57673
584,613,625,25,25,57702
619,590,633,25,25,57730
613,584,618,25,25,57759
621,608,638,25,25,57788
614,597,630,25,25,57817
622,568,652,25,25,57846
607,603,644,25,25,57874
609,621,662,25,25,57903
590,606,632,25,25,57932
591,594,657,25,25,57961
595,617,637,25,25,57989
790,572,655,25,25,58018
869,577,662,25,25,58047
891,603,617,-25,25,58076
878,613,619,-25,25,58105
882,586,652,-25,25,58135
877,574,618,-25,25,58165
888,557,642,-25,25,58195
837,546,637,-25,25,58225
602,615,633,25,25,58258
558,819,627,25,25,58287
574,861,641,25,25,58316
558,817,626,25,25,58342
596,686,641,25,25,58371
673,587,644,25,25,58400
719,567,630,25,25,58429
846,605,643,25,25,58457
877,618,648,25,25,58486
880,617,669,-25,25,58515
879,585,645,-25,25,58545
882,565,626,-25,25,58575
882,576,643,-25,25,58605
883,568,621,-25,25,58634
878,590,636,-25,25,58664
858,592,639,-25,25,58694
685,597,641,-25,25,58724
564,701,641,25,25,58758
543,848,617,25,25,58786
573,866,618,25,25,58815
582,870,611,25,25,58842
585,853,664,25,25,58868
628,746,607,25,25,58894
686,602,577,25,25,58923
782,581,622,25,25,58952
860,585,625,25,25,58981
884,596,630,-25,25,59010
889,585,597,-25,25,59039
887,578,580,-25,25,59069
881,586,589,-25,25,59099
865,585,625,-25,25,59129
690,584,613,-25,25,59159
622,556,609,25,25,59192
637,622,609,25,25,59221
651,616,604,25,25,59250
644,639,594,25,25,59279
595,621,611,25,25,59308
608,618,629,25,25,59336
671,606,628,25,25,59365
747,593,615,25,25,59394
824,573,620,25,25,59423
873,566,609,25,25,59451
873,574,605,-25,25,59480
882,583,633,-25,25,59510
875,640,651,-25,25,59540
890,660,631,-25,25,59570
837,641,631,-25,25,59600
701,642,636,25,25,59633
639,660,679,25,25,59662
639,675,670,25,25,59691
622,649,672,25,25,59719
626,627,669,25,25,59748
645,632,672,25,25,59777
669,635,666,25,25,59806
729,628,616,25,25,59834
819,619,667,25,25,59863
864,602,615,25,25,59892
898,626,632,-25,25,59921
892,626,681,-25,25,59951
894,639,677,-25,25,59981
883,658,665,-25,25,60010
816,632,680,-25,25,60040
642,594,671,25,25,60074
645,632,674,25,25,60103
650,659,673,25,25,60131
657,666,660,25,25,60160
660,673,669,25,25,60189
655,693,655,25,25,60218
664,650,638,25,25,60246
723,645,645,25,25,60275
807,647,654,25,25,60304
886,633,635,25,25,60333
890,631,630,-25,25,60361
893,637,631,-25,25,60391
913,602,646,-25,25,60421
867,619,666,-25,25,60451
698,608,641,-25,25,60481
612,641,645,25,25,60514
626,626,672,25,25,60543
656,654,672,25,25,60572
624,634,659,25,25,60601
625,657,662,25,25,60629
648,643,622,25,25,60658
679,659,618,25,25,60687
730,644,617,25,25,60716
815,627,615,25,25,60744
875,636,636,25,25,60773
890,633,614,-25,25,60802
899,643,643,-25,25,60832
880,618,635,-25,25,60862
882,581,627,-25,25,60892
787,559,610,-25,25,60921
654,566,663,25,25,60955
631,612,680,25,25,60984
650,657,657,25,25,61012
636,619,635,25,25,61041
618,614,651,25,25,61070
668,628,657,25,25,61099
706,627,669,25,25,61127
778,606,651,25,25,61156
841,607,652,25,25,61185
865,630,641,25,25,61214
924,632,644,-25,25,61242
886,589,642,-25,25,61272
881,543,597,-25,25,61302
875,575,632,-25,25,61332
797,609,646,-25,25,61362
636,605,643,25,25,61395
628,607,639,25,25,61424
629,589,608,25,25,61453
647,600,610,25,25,61482
635,635,655,25,25,61511
625,631,638,25,25,61539
645,598,630,25,25,61568
684,583,603,25,25,61597
758,576,622,25,25,61626
835,601,642,25,25,61654
873,622,632,25,25,61683
878,607,657,-25,25,61712
875,568,669,-25,25,61742
876,567,662,-25,25,61772
877,600,647,-25,25,61801
850,579,614,-25,25,61831
734,586,611,-25,25,61858
635,597,634,25,25,61892
633,607,638,25,25,61921
637,613,656,25,25,61950
624,597,654,25,25,61978
622,623,664,25,25,62007
638,621,640,25,25,62036
592,591,621,25,25,62065
628,605,620,25,25,62093
671,618,622,25,25,62122
724,600,645,25,25,62151
756,589,628,25,25,62180
798,587,626,25,25,62208
840,570,599,25,25,62237
846,553,600,25,25,62266
879,527,591,25,25,62295
878,535,592,-25,25,62323
854,560,585,-25,25,62353
857,514,551,-25,25,62383
836,526,591,-25,25,62413
723,537,619,25,25,62446
602,566,638,25,25,62475
623,588,637,25,25,62504
604,582,618,25,25,62533
601,580,588,25,25,62562
628,545,582,25,25,62590
651,566,597,25,25,62619
688,537,641,25,25,62648
698,542,613,25,25,62677
740,536,600,25,25,62705
745,585,593,25,25,62734
775,562,579,25,25,62763
799,578,607,25,25,62792
817,581,611,25,25,62820
822,563,556,25,25,62849
838,565,584,25,25,62878
849,528,603,25,25,62907
880,556,622,25,25,62935
864,608,603,-25,25,62964
861,582,580,-25,25,62994
862,543,613,-25,25,63024
847,555,608,-25,25,63054
770,540,591,25,25,63087
660,568,609,25,25,63116
653,600,619,25,25,63145
659,572,564,25,25,63174
662,545,586,25,25,63202
663,557,607,25,25,63231
666,565,614,25,25,63260
674,580,587,25,25,63289
694,607,633,25,25,63317
661,590,625,25,25,63346
733,606,653,25,25,63375
777,615,661,25,25,63404
798,593,603,25,25,63432
793,582,587,25,25,63461
813,587,616,25,25,63490
801,583,635,25,25,63519
801,586,648,25,25,63547
817,572,669,25,25,63576
822,639,654,25,25,63605
831,621,636,25,25,63634
837,630,676,25,25,63662
848,609,677,25,25,63691
849,557,690,25,25,63720
860,600,668,25,25,63749
870,637,655,-25,25,63777
856,629,582,-25,25,63807
785,622,612,-25,25,63837
702,620,658,25,25,63871
649,624,639,25,25,63899
639,653,628,25,25,63928
645,684,625,25,25,63957
685,666,654,25,25,63986
701,680,685,25,25,64014
681,645,679,25,25,64043
660,641,680,25,25,64072
699,650,666,25,25,64101
684,660,636,25,25,64129
638,643,671,25,25,64158
608,637,667,25,25,64187
608,640,678,25,25,64216
600,648,672,25,25,64244
604,687,696,25,25,64273
586,674,657,25,25,64302
624,710,638,25,25,64331
605,741,615,25,25,64359
635,798,609,25,25,64388
586,822,635,25,25,64417
555,854,607,25,25,64446
581,860,591,25,25,64472
597,870,614,25,25,64499
586,869,604,25,25,64525
583,880,632,25,25,64551
566,870,659,25,25,64578
536,868,618,25,25,64604
527,864,611,25,25,64631
524,873,609,25,25,64657
552,869,619,25,25,64684
555,858,632,25,25,64710
572,859,662,25,25,64737
514,828,623,25,25,64763
494,719,570,25,25,64792
503,568,549,25,25,64821
527,539,615,25,25,64849
533,487,615,25,25,64878
491,481,756,25,25,64907
460,536,872,25,25,64936
482,446,871,25,-25,64964
526,478,876,25,-25,64994
576,497,882,25,-25,65024
587,510,884,25,-25,65054
600,512,887,25,-25,65084
576,521,883,25,-25,65114
576,522,879,25,-25,65144
545,536,894,25,-25,65174
503,533,900,25,-25,65204
510,522,873,25,-25,65234
541,524,880,25,-25,65263
539,511,873,25,-25,65293
545,527,881,25,-25,65323
548,555,878,25,-25,65353
556,565,872,25,-25,65383
533,566,882,25,-25,65413
522,549,884,25,-25,65443
523,566,875,25,-25,65473
551,578,883,25,-25,65503
587,567,863,25,-25,65533
621,580,845,25,-25,65562
643,572,831,25,-25,65592
627,581,795,25,-25,65622
621,597,748,25,-25,65652
632,593,713,25,-25,65682
627,599,691,25,-25,65712
625,607,661,25,-25,65742
654,609,639,25,-25,65772
647,605,623,25,-25,65802
648,624,609,25,-25,65832
646,622,625,25,-25,65861
610,647,621,25,-25,65891
637,652,637,25,-25,65921
673,664,649,25,-25,65951
677,664,655,25,-25,65981
669,660,659,25,-25,66011
643,676,651,25,-25,66041
602,743,645,25,-25,66071
599,808,615,25,-25,66101
629,843,595,25,-25,66130
609,877,582,25,-25,66160
591,873,591,25,25,66188
616,882,618,25,25,66214
571,880,631,25,25,66241
556,867,654,25,25,66267
556,859,620,25,25,66294
553,864,616,25,25,66320
555,864,601,25,25,66347
554,869,590,25,25,66373
563,860,573,25,25,66400
600,810,555,25,25,66426
602,686,550,25,25,66455
591,609,549,25,25,66484
596,587,607,25,25,66512
562,613,610,25,25,66541
540,828,600,25,25,66570
543,886,686,25,25,66599
518,880,866,25,25,66625
543,532,885,25,-25,66863
560,543,880,25,-25,66893
561,561,874,25,-25,66923
579,545,893,25,-25,66952
579,534,876,25,-25,66982
560,548,884,25,-25,67012
569,564,891,25,-25,67042
562,553,876,25,-25,67072
547,498,886,25,-25,67102
557,498,880,25,-25,67132
580,511,880,25,-25,67162
550,537,874,25,-25,67192
560,537,880,25,-25,67222
587,524,882,25,-25,67251
523,523,868,25,-25,67281
525,535,879,25,-25,67311
559,562,875,25,-25,67341
616,575,887,25,-25,67371
587,553,880,25,-25,67401
524,567,877,25,-25,67431
529,583,881,25,-25,67461
572,580,885,25,-25,67491
589,558,882,25,-25,67520
566,545,872,25,-25,67550
533,535,888,25,-25,67580
568,546,886,25,-25,67610
589,557,888,25,-25,67640
614,593,886,25,-25,67670
643,572,891,25,-25,67700
632,548,889,25,-25,67730
585,530,877,25,-25,67760
595,543,868,25,-25,67790
616,558,831,25,-25,67819
619,600,797,25,-25,67849
596,624,721,25,-25,67879
565,615,659,25,-25,67909
544,582,644,25,-25,67939
575,579,627,25,-25,67969
605,532,621,25,-25,67999
599,522,609,25,-25,68029
595,549,583,25,-25,68059
585,572,568,25,-25,68089
562,575,572,25,-25,68118
568,573,566,25,-25,68148
567,591,586,25,-25,68178
561,664,590,25,-25,68208
538,725,589,25,-25,68238
560,775,566,25,-25,68268
556,844,550,25,-25,68298
516,856,552,25,-25,68328
513,861,555,25,25,68355
533,857,561,25,25,68382
564,857,575,25,25,68408
503,852,561,25,25,68435
501,862,548,25,25,68461
499,838,525,25,25,68488
518,835,530,25,25,68516
498,773,548,25,25,68545
558,675,580,25,25,68574
532,647,565,25,25,68603
528,620,572,25,25,68631
513,608,588,25,25,68660
549,574,604,25,25,68689
569,539,621,25,25,68718
599,578,594,25,25,68746
558,548,579,25,25,68775
564,551,592,25,25,68804
584,569,591,25,25,68833
598,539,608,25,25,68861
582,520,629,25,25,68890
637,544,641,25,25,68919
638,584,629,25,25,68948
682,584,626,25,25,68976
768,622,648,25,25,69005
844,609,636,25,25,69034
878,594,647,25,25,69063
886,633,657,-25,25,69091
884,593,622,-25,25,69121
896,616,634,-25,25,69151
843,627,630,-25,25,69181
692,637,654,25,25,69215
637,627,660,25,25,69243
665,656,656,25,25,69272
622,613,643,25,25,69301
609,602,605,25,25,69330
607,613,604,25,25,69358
646,654,651,25,25,69387
651,622,643,25,25,69416
677,628,626,25,25,69445
737,606,680,25,25,69473
810,632,675,25,25,69502
842,625,636,25,25,69531
880,626,652,25,25,69560
888,627,629,-25,25,69588
893,569,618,-25,25,69618
902,533,642,-25,25,69648
840,575,647,-25,25,69678
683,572,599,25,25,69712
648,606,597,25,25,69740
656,651,601,25,25,69769
660,624,619,25,25,69798
665,610,639,25,25,69827
668,587,656,25,25,69855
671,582,647,25,25,69884
693,601,638,25,25,69913
694,596,632,25,25,69942
749,591,609,25,25,69970
801,626,619,25,25,69999
830,632,642,25,25,70028
834,640,668,25,25,70057
888,626,629,25,25,70085
900,628,645,-25,25,70114
888,605,613,-25,25,70144
860,566,619,-25,25,70174
793,562,638,-25,25,70204
640,558,653,25,25,70237
612,569,645,25,25,70266
629,653,678,25,25,70295
625,650,644,25,25,70324
633,626,636,25,25,70352
658,640,645,25,25,70381
640,615,638,25,25,70410
604,594,617,25,25,70439
662,593,627,25,25,70467
667,599,614,25,25,70496
657,586,638,25,25,70525
696,541,633,25,25,70554
779,600,641,25,25,70582
809,587,622,25,25,70611
834,602,598,25,25,70640
922,598,593,25,25,70669
874,604,632,-25,25,70697
878,578,629,-25,25,70727
870,531,663,-25,25,70757
876,567,661,-25,25,70787
841,566,627,-25,25,70817
677,554,616,25,25,70850
622,591,647,25,25,70879
615,620,668,25,25,70908
611,648,667,25,25,70937
613,625,662,25,25,70966
654,603,628,25,25,70994
749,619,642,25,25,71023
796,567,613,25,25,71052
834,572,651,25,25,71081
848,602,642,25,25,71109
855,612,602,25,25,71138
876,582,603,-25,25,71167
868,552,621,-25,25,71197
865,545,603,-25,25,71227
858,536,608,-25,25,71257
752,525,602,-25,25,71286
539,582,588,25,25,71320
578,613,616,25,25,71349
565,634,639,25,25,71377
558,638,665,25,25,71406
569,606,628,25,25,71435
578,574,642,25,25,71464
615,589,622,25,25,71492
596,610,595,25,25,71521
597,539,548,25,25,71550
584,532,616,25,25,71579
573,553,586,25,25,71608
571,541,599,25,25,71636
578,525,611,25,25,71665
545,515,583,25,25,71694
611,513,605,25,25,71723
765,543,587,25,25,71751
852,572,574,25,25,71780
858,580,583,-25,25,71809
871,575,583,-25,25,71839
847,558,561,-25,25,71869
844,556,602,25,25,71902
800,530,605,25,25,71931
782,549,618,25,25,71960
815,532,612,25,25,71988
857,539,601,25,25,72017
866,552,597,-25,25,72046
873,566,586,-25,25,72076
863,603,634,-25,25,72106
860,578,634,-25,25,72136
794,578,617,-25,25,72165
606,567,615,25,25,72199
556,513,614,25,25,72228
569,517,638,25,25,72257
548,516,625,25,25,72285
560,510,628,25,25,72314
575,513,599,25,25,72343
597,547,594,25,25,72372
651,596,621,25,25,72400
725,594,621,25,25,72429
788,582,602,25,25,72458
828,576,630,25,25,72487
858,561,653,25,25,72515
877,561,625,-25,25,72544
873,546,632,-25,25,72574
870,567,640,-25,25,72604
805,560,654,-25,25,72634
643,576,660,25,25,72667
642,625,666,25,25,72696
655,616,658,25,25,72725
659,628,667,25,25,72754
670,597,671,25,25,72782
625,614,654,25,25,72811
634,642,625,25,25,72840
621,606,635,25,25,72869
635,604,643,25,25,72897
646,588,623,25,25,72926
695,621,637,25,25,72955
732,663,668,25,25,72984
765,632,628,25,25,73012
796,624,637,25,25,73041
826,627,674,25,25,73070
836,622,656,25,25,73099
862,629,668,25,25,73127
878,615,638,-25,25,73156
881,596,644,-25,25,73186
866,609,663,-25,25,73216
779,613,666,-25,25,73246
631,626,672,25,25,73279
623,611,674,25,25,73308
652,601,672,25,25,73337
623,593,659,25,25,73365
622,599,637,25,25,73394
624,597,655,25,25,73423
606,604,648,25,25,73452
614,633,681,25,25,73480
655,612,686,25,25,73509
674,623,695,25,25,73538
655,587,656,25,25,73567
679,590,618,25,25,73595
683,623,620,25,25,73624
739,647,633,25,25,73653
766,636,627,25,25,73682
806,653,637,25,25,73710
842,650,635,25,25,73739
869,639,645,25,25,73768
887,598,671,-25,25,73797
891,576,646,-25,25,73826
888,563,619,-25,25,73856
817,579,643,-25,25,73886
677,573,645,25,25,73920
642,597,621,25,25,73949
657,620,642,25,25,73977
654,621,647,25,25,74006
641,626,672,25,25,74035
659,628,662,25,25,74064
668,612,664,25,25,74092
692,584,641,25,25,74121
785,593,642,25,25,74150
840,621,641,25,25,74179
873,611,638,25,25,74207
895,600,641,-25,25,74236
885,601,600,-25,25,74266
873,544,564,-25,25,74296
868,573,589,-25,25,74326
774,603,606,-25,25,74356
599,617,608,25,25,74389
609,642,643,25,25,74418
623,653,693,25,25,74447
628,637,686,25,25,74475
638,627,674,25,25,74504
670,644,661,25,25,74533
697,631,657,25,25,74562
782,659,659,25,25,74591
854,644,631,25,25,74619
882,633,656,-25,25,74648
887,606,673,-25,25,74678
869,580,643,-25,25,74708
828,581,633,-25,25,74738
694,589,639,25,25,74771
642,613,659,25,25,74800
644,614,670,25,25,74829
617,598,662,25,25,74857
609,585,595,25,25,74886
636,566,605,25,25,74915
685,553,641,25,25,74944
740,589,652,25,25,74972
798,593,619,25,25,75001
840,604,619,25,25,75030
866,583,662,25,25,75059
867,483,645,-25,25,75087
869,513,642,-25,25,75117
857,533,618,-25,25,75147
857,500,600,-25,25,75177
772,535,608,-25,25,75207
593,553,606,25,25,75240
543,563,614,25,25,75269
565,574,646,25,25,75298
593,539,621,25,25,75327
561,529,592,25,25,75356
554,547,648,25,25,75384
599,563,624,25,25,75413
597,560,609,25,25,75442
590,529,560,25,25,75471
544,505,582,25,25,75499
586,493,555,25,25,75528
603,518,598,25,25,75557
679,498,636,25,25,75586
722,509,583,25,25,75614
754,470,593,25,25,75643
787,504,579,25,25,75672
798,555,562,25,25,75701
833,565,605,25,25,75729
849,550,573,25,25,75758
852,505,586,25,25,75787
859,540,575,-25,25,75816
849,516,588,-25,25,75845
843,519,579,25,25,75879
798,548,576,25,25,75908
814,561,579,25,25,75937
818,560,599,25,25,75965
828,555,608,25,25,75994
855,552,600,25,25,76023
861,537,594,-25,25,76052
856,535,581,-25,25,76081
837,546,590,-25,25,76111
752,572,593,25,25,76145
618,580,572,25,25,76174
611,591,582,25,25,76202
636,590,598,25,25,76231
613,576,604,25,25,76260
644,558,623,25,25,76289
669,586,626,25,25,76317
774,595,614,25,25,76346
820,597,641,25,25,76375
865,612,648,25,25,76404
885,614,623,-25,25,76432
882,608,638,-25,25,76462
877,591,643,-25,25,76492
839,607,649,-25,25,76522
672,584,633,25,25,76555
592,599,653,25,25,76584
602,619,667,25,25,76613
624,642,662,25,25,76642
642,630,664,25,25,76671
670,603,658,25,25,76699
696,604,651,25,25,76728
724,638,664,25,25,76757
726,642,674,25,25,76786
740,667,664,25,25,76814
778,624,676,25,25,76843
827,599,669,25,25,76872
844,622,678,25,25,76901
857,675,683,25,25,76929
864,665,676,-25,25,76958
859,605,668,-25,25,76988
822,620,664,-25,25,77018
742,627,639,25,25,77051
692,633,655,25,25,77080
692,643,667,25,25,77109
702,635,679,25,25,77138
705,631,635,25,25,77166
715,659,642,25,25,77195
732,651,663,25,25,77224
727,624,652,25,25,77253
721,593,640,25,25,77281
731,633,631,25,25,77310
744,631,647,25,25,77339
769,604,631,25,25,77368
794,633,639,25,25,77396
810,603,632,25,25,77425
807,617,629,25,25,77454
800,567,651,25,25,77483
825,587,642,25,25,77511
843,640,655,25,25,77540
843,663,638,25,25,77569
850,645,650,25,25,77598
855,606,631,25,25,77623
872,569,610,-25,25,77652
861,504,595,-25,25,77682
841,484,614,-25,25,77712
755,571,633,25,25,77746
684,582,643,25,25,77774
674,606,630,25,25,77803
653,768,765,25,25,77832
632,881,894,25,25,77861
612,819,894,25,-25,78098
598,680,888,25,-25,78128
609,605,889,25,-25,78158
548,563,880,25,-25,78188
576,539,891,25,-25,78218
577,538,887,25,-25,78248
564,548,896,25,-25,78278
500,533,889,25,-25,78308
525,549,875,25,-25,78338
524,540,874,25,-25,78367
549,535,855,25,-25,78397
569,515,850,25,-25,78427
572,517,787,25,-25,78454
584,461,687,25,-25,78484
577,565,660,25,-25,78514
574,566,668,25,-25,78544
527,554,655,25,-25,78574
549,567,641,25,-25,78604
579,559,645,25,-25,78634
608,579,645,25,-25,78664
609,573,601,25,-25,78693
580,599,601,25,-25,78723
554,604,609,25,-25,78753
561,598,597,25,-25,78783
573,569,607,25,-25,78813
563,552,605,25,-25,78843
602,551,611,25,-25,78873
586,558,612,25,-25,78903
589,563,618,25,-25,78933
574,599,623,25,-25,78963
574,621,622,25,-25,78992
609,624,611,25,-25,79022
619,644,587,25,-25,79052
612,608,606,25,-25,79082
615,580,627,25,-25,79112
610,580,630,25,-25,79142
602,589,651,25,-25,79172
606,593,646,25,-25,79202
621,583,646,25,-25,79232
674,594,652,25,-25,79262
659,616,637,25,-25,79291
644,628,633,25,-25,79321
622,622,628,25,-25,79351
632,630,631,25,-25,79381
619,636,619,25,-25,79411
636,631,609,25,-25,79441
633,617,593,25,-25,79471
633,584,588,25,-25,79501
644,575,576,25,-25,79531
638,582,597,25,-25,79561
639,578,604,25,-25,79590
611,569,621,25,-25,79620
618,569,630,25,-25,79650
619,589,630,25,-25,79680
587,598,631,25,-25,79710
595,630,636,25,-25,79740
604,623,617,25,-25,79770
593,595,620,25,-25,79800
583,596,587,25,-25,79830
581,570,571,25,-25,79859
573,547,575,25,-25,79889
552,531,567,25,-25,79919
576,497,564,25,-25,79949
544,474,555,25,-25,79979
532,497,575,25,-25,80009
560,522,600,25,-25,80039
538,526,583,25,-25,80069
512,526,576,25,-25,80099
494,509,571,25,-25,80129
528,491,556,25,-25,80158
556,480,561,25,-25,80188
515,485,595,25,-25,80218
515,512,566,25,-25,80248
499,550,545,25,-25,80278
450,552,525,25,-25,80308
480,541,566,25,-25,80338
534,508,606,25,-25,80368
500,510,585,25,-25,80398
505,515,601,25,-25,80428
487,518,586,25,-25,80457
520,503,578,25,-25,80487
546,487,561,25,-25,80517
553,495,565,25,-25,80547
530,488,586,25,-25,80577
517,509,612,25,-25,80607
496,517,598,25,-25,80637
511,512,577,25,-25,80667
560,543,587,25,-25,80697
564,548,568,25,-25,80727
545,543,597,25,-25,80756
548,525,567,25,-25,80786
542,551,579,25,-25,80816
560,549,602,25,-25,80846
571,550,584,25,-25,80876
556,548,587,25,-25,80906
550,569,601,25,-25,80936
549,607,597,25,-25,80966
560,569,620,25,-25,80996
588,523,617,25,-25,81025
636,522,621,25,-25,81055
632,546,655,25,-25,81085
602,535,691,25,-25,81115
614,549,765,25,-25,81145
611,577,818,25,-25,81175
617,555,846,25,-25,81205
629,552,879,25,-25,81235
583,563,882,25,-25,81265
572,545,883,25,-25,81295
549,538,879,25,-25,81324
579,581,876,25,-25,81354
584,580,892,25,-25,81384
586,597,884,25,-25,81414
579,597,890,25,-25,81444
598,652,887,25,-25,81474
554,601,844,25,-25,81504
574,584,787,25,-25,81534
586,575,686,25,-25,81564
603,594,633,25,-25,81594
592,585,600,25,-25,81623
579,558,604,25,-25,81653
544,525,608,25,-25,81683
555,558,599,25,-25,81713
555,581,586,25,-25,81743
555,630,586,25,-25,81773
531,745,581,25,-25,81803
548,846,572,25,-25,81833
548,869,572,25,-25,81863
591,874,570,25,25,81890
554,872,573,25,25,81917
580,872,574,25,25,81943
553,863,566,25,25,81970
547,866,567,25,25,81996
518,838,565,25,25,82022
548,751,577,25,25,82051
551,609,578,25,25,82080
569,554,610,25,25,82109
531,547,603,25,25,82138
536,563,606,25,25,82166
615,560,627,25,25,82195
724,547,634,25,25,82224
835,549,628,25,25,82253
876,556,618,25,25,82281
875,569,617,-25,25,82310
878,578,588,-25,25,82340
871,577,621,-25,25,82370
873,574,615,-25,25,82400
788,575,578,-25,25,82430
605,573,537,25,25,82463
589,595,557,25,25,82492
613,625,620,25,25,82521
596,634,647,25,25,82549
598,617,622,25,25,82578
631,574,629,25,25,82607
668,600,659,25,25,82636
656,631,651,25,25,82664
635,630,656,25,25,82693
634,590,646,25,25,82722
616,585,649,25,25,82751
666,587,650,25,25,82779
676,589,680,25,25,82808
734,625,675,25,25,82837
797,643,667,25,25,82866
853,579,636,25,25,82894
881,610,652,-25,25,82923
886,642,640,-25,25,82953
868,625,661,-25,25,82983
822,650,652,-25,25,83013
742,620,608,25,25,83046
686,644,641,25,25,83075
674,644,672,25,25,83104
660,622,686,25,25,83133
664,636,670,25,25,83161
692,630,651,25,25,83190
749,627,650,25,25,83219
785,626,645,25,25,83248
808,618,679,25,25,83276
849,631,645,25,25,83305
871,631,639,25,25,83334
885,648,651,-25,25,83363
885,617,642,-25,25,83393
866,625,624,-25,25,83423
766,629,593,-25,25,83452
644,610,587,25,25,83486
641,603,632,25,25,83515
652,623,651,25,25,83543
664,637,666,25,25,83572
677,637,662,25,25,83601
667,648,670,25,25,83630
652,654,660,25,25,83658
644,651,637,25,25,83687
648,578,617,25,25,83716
670,586,611,25,25,83745
643,605,639,25,25,83773
637,581,648,25,25,83802
619,584,637,25,25,83831
599,627,640,25,25,83860
627,593,612,25,25,83888
643,599,579,25,25,83917
658,594,575,25,25,83946
671,581,625,25,25,83975
754,598,626,25,25,84003
825,616,635,25,25,84032
853,597,634,25,25,84061
869,576,639,-25,25,84090
883,592,644,-25,25,84120
873,580,636,-25,25,84150
812,580,638,-25,25,84179
640,573,651,25,25,84213
614,599,667,25,25,84242
622,611,643,25,25,84270
650,636,643,25,25,84299
636,628,659,25,25,84328
624,605,662,25,25,84357
627,611,632,25,25,84385
626,620,627,25,25,84414
658,585,620,25,25,84443
700,590,609,25,25,84472
735,596,657,25,25,84500
805,622,704,25,25,84529
844,600,660,25,25,84558
861,590,629,25,25,84587
879,603,625,-25,25,84616
884,597,622,-25,25,84645
887,584,618,-25,25,84675
815,605,647,-25,25,84705
607,621,650,25,25,84739
556,606,645,25,25,84767
603,619,651,25,25,84796
612,599,683,25,25,84825
618,596,658,25,25,84854
589,622,636,25,25,84883
598,616,639,25,25,84911
657,600,634,25,25,84940
719,562,621,25,25,84969
806,590,603,25,25,84998
851,572,604,25,25,85026
878,587,585,-25,25,85055
869,572,588,-25,25,85085
867,567,627,-25,25,85115
773,565,624,-25,25,85145
574,570,609,25,25,85178
552,603,617,25,25,85207
569,611,613,25,25,85236
587,583,585,25,25,85265
586,561,602,25,25,85293
571,552,589,25,25,85322
585,527,556,25,25,85351
666,570,538,25,25,85380
773,566,558,25,25,85408
841,539,594,25,25,85437
862,532,594,25,25,85466
872,564,590,-25,25,85495
870,548,574,-25,25,85524
872,522,605,-25,25,85554
844,526,606,-25,25,85584
635,515,577,25,25,85618
560,501,583,25,25,85647
584,536,574,25,25,85675
572,548,566,25,25,85704
557,535,576,25,25,85733
614,561,592,25,25,85762
675,561,604,25,25,85790
805,534,618,25,25,85819
829,573,614,25,25,85848
883,584,640,25,25,85877
876,577,631,-25,25,85905
877,547,605,-25,25,85935
872,530,583,-25,25,85965
864,547,574,-25,25,85995
725,555,567,-25,25,86025
552,503,553,25,25,86058
578,533,592,25,25,86087
578,542,614,25,25,86116
604,576,643,25,25,86145
618,547,661,25,25,86173
627,561,642,25,25,86202
614,598,616,25,25,86231
589,601,638,25,25,86260
582,611,612,25,25,86288
661,612,584,25,25,86317
772,622,597,25,25,86346
856,610,637,25,25,86375
892,599,656,-25,25,86403
890,583,669,-25,25,86433
892,561,640,-25,25,86463
825,592,623,-25,25,86493
680,602,618,25,25,86527
648,617,665,25,25,86555
654,646,653,25,25,86584
663,644,652,25,25,86613
654,637,672,25,25,86642
652,648,648,25,25,86670
704,643,642,25,25,86699
801,621,654,25,25,86728
870,594,649,25,25,86757
884,609,695,-25,25,86785
879,568,642,-25,25,86815
882,580,628,-25,25,86845
833,604,630,-25,25,86875
657,602,629,25,25,86909
619,607,636,25,25,86937
621,665,634,25,25,86966
607,627,576,25,25,86995
621,614,619,25,25,87024
642,592,633,25,25,87052
686,595,609,25,25,87081
758,603,627,25,25,87110
827,597,598,25,25,87139
879,640,638,25,25,87167
893,614,648,-25,25,87196
878,594,634,-25,25,87226
873,597,642,-25,25,87256
866,590,637,-25,25,87286
747,562,636,-25,25,87316
614,556,601,25,25,87349
602,608,599,25,25,87378
591,625,607,25,25,87407
585,597,622,25,25,87435
601,572,628,25,25,87464
613,537,616,25,25,87493
626,536,616,25,25,87522
688,600,631,25,25,87550
753,595,608,25,25,87579
798,608,636,25,25,87608
864,594,635,25,25,87637
889,587,611,-25,25,87665
874,587,616,-25,25,87695
872,595,566,-25,25,87725
803,605,596,-25,25,87755
666,608,613,25,25,87789
630,596,597,25,25,87817
630,619,607,25,25,87846
633,622,616,25,25,87875
653,617,620,25,25,87904
619,590,631,25,25,87932
609,564,615,25,25,87961
688,584,639,25,25,87990
761,614,635,25,25,88019
836,595,646,25,25,88047
872,610,617,25,25,88076
886,628,637,-25,25,88105
887,592,636,-25,25,88135
893,536,640,-25,25,88165
868,578,650,-25,25,88195
769,591,647,-25,25,88225
626,624,645,25,25,88258
628,657,648,25,25,88287
649,669,667,25,25,88316
652,684,633,25,25,88344
647,639,660,25,25,88373
643,609,690,25,25,88402
649,627,690,25,25,88431
653,631,700,25,25,88459
650,604,687,25,25,88488
662,613,653,25,25,88517
693,651,659,25,25,88546
777,626,678,25,25,88574
834,597,654,25,25,88603
866,621,640,25,25,88632
887,621,646,-25,25,88661
886,590,664,-25,25,88691
880,549,635,-25,25,88720
825,568,613,-25,25,88750
659,581,591,25,25,88784
613,605,607,25,25,88813
616,624,619,25,25,88841
607,635,658,25,25,88870
610,635,665,25,25,88899
643,646,640,25,25,88928
586,591,595,25,25,88956
600,586,603,25,25,88985
666,608,651,25,25,89014
667,596,642,25,25,89043
734,580,608,25,25,89071
775,570,595,25,25,89100
804,546,600,25,25,89129
841,549,628,25,25,89158
850,561,614,25,25,89186
862,573,582,25,25,89212
864,572,616,-25,25,89241
864,525,604,-25,25,89271
852,499,574,-25,25,89301
816,488,580,-25,25,89331
716,466,561,25,25,89364
590,535,566,25,25,89393
578,579,586,25,25,89422
567,594,581,25,25,89451
585,565,586,25,25,89479
564,615,545,25,25,89508
566,563,579,25,25,89537
624,572,597,25,25,89566
628,578,604,25,25,89594
592,584,590,25,25,89623
596,574,623,25,25,89652
600,574,613,25,25,89681
657,571,640,25,25,89709
665,563,617,25,25,89738
651,516,606,25,25,89767
634,550,626,25,25,89796
651,558,609,25,25,89824
675,537,601,25,25,89853
673,534,614,25,25,89882
723,540,572,25,25,89911
740,563,625,25,25,89939
776,578,594,25,25,89968
779,613,599,25,25,89997
794,615,594,25,25,90026
805,624,599,25,25,90054
820,614,651,25,25,90083
850,618,641,25,25,90112
848,626,632,25,25,90137
867,640,670,25,25,90167
878,654,692,-25,25,90196
879,621,677,-25,25,90225
857,620,647,-25,25,90255
758,628,646,-25,25,90285
628,602,645,25,25,90319
600,621,649,25,25,90348
622,629,644,25,25,90376
632,633,672,25,25,90405
646,634,676,25,25,90434
663,620,679,25,25,90463
628,607,692,25,25,90491
624,622,673,25,25,90520
611,647,714,25,25,90549
634,641,692,25,25,90578
616,631,602,25,25,90606
641,591,623,25,25,90635
629,562,664,25,25,90664
656,633,700,25,25,90693
648,657,667,25,25,90721
619,628,655,25,25,90750
646,634,644,25,25,90779
658,670,607,25,25,90808
655,699,625,25,25,90836
679,718,656,25,25,90865
659,727,661,25,25,90894
644,732,642,25,25,90923
635,766,652,25,25,90951
630,808,621,25,25,90980
657,832,649,25,25,91009
640,846,656,25,25,91038
613,860,624,25,25,91066
659,875,614,25,25,91093
642,881,632,25,25,91119
604,886,672,25,25,91146
574,897,658,25,25,91172
611,896,644,25,25,91199
640,892,658,25,25,91225
656,896,640,25,25,91251
653,886,638,25,25,91278
661,884,644,25,25,91304
637,888,654,25,25,91331
630,886,616,25,25,91357
638,891,605,25,25,91384
636,873,622,25,25,91410
638,875,637,25,25,91437
615,855,654,25,25,91463
583,826,650,25,25,91490
561,766,629,25,25,91518
571,689,617,25,25,91547
567,630,622,25,25,91576
555,610,624,25,25,91605
599,570,590,25,25,91633
565,556,600,25,25,91662
568,566,588,25,25,91691
550,589,618,25,25,91720
543,571,620,25,25,91748
553,549,676,25,25,91777
526,547,756,25,25,91806
554,545,826,25,25,91835
558,521,870,25,25,91863
571,554,867,25,-25,91892
571,526,869,25,-25,91922
523,532,866,25,-25,91952
527,513,870,25,-25,91982
529,575,869,25,-25,92012
513,546,839,25,-25,92042
489,558,803,25,-25,92072
498,556,768,25,-25,92101
533,567,719,25,-25,92131
557,552,670,25,-25,92161
557,547,617,25,-25,92191
586,541,601,25,-25,92221
629,586,593,25,-25,92251
576,582,573,25,-25,92281
564,551,575,25,-25,92311
572,538,565,25,-25,92341
579,539,573,25,-25,92371
575,557,576,25,-25,92400
589,580,603,25,-25,92430
603,619,613,25,-25,92460
571,653,629,25,-25,92490
556,720,621,25,-25,92520
572,786,619,25,-25,92550
609,845,609,25,-25,92580
622,875,618,25,-25,92610
616,871,609,25,25,92637
619,886,638,25,25,92664
619,882,658,25,25,92690
609,880,652,25,25,92717
623,885,647,25,25,92743
625,885,650,25,25,92770
622,874,645,25,25,92796
595,858,622,25,25,92823
600,825,613,25,25,92849
617,741,629,25,25,92878
608,701,621,25,25,92907
598,680,656,25,25,92935
614,642,676,25,25,92964
644,586,682,25,25,92993
650,615,682,25,25,93022
642,620,669,25,25,93050
634,650,628,25,25,93079
653,640,640,25,25,93108
680,638,639,25,25,93137
726,632,662,25,25,93165
777,641,659,25,25,93194
834,623,644,25,25,93223
856,619,641,25,25,93252
878,612,664,-25,25,93280
876,572,633,-25,25,93310
869,550,663,-25,25,93340
837,578,678,-25,25,93370
732,563,650,25,25,93403
623,578,660,25,25,93432
613,587,675,25,25,93461
585,578,670,25,25,93490
598,594,668,25,25,93519
605,600,689,25,25,93547
635,580,686,25,25,93576
660,575,657,25,25,93605
624,579,649,25,25,93634
591,606,655,25,25,93662
561,622,630,25,25,93691
603,610,617,25,25,93720
597,593,635,25,25,93749
578,594,623,25,25,93777
570,572,628,25,25,93806
567,579,611,25,25,93835
544,561,625,25,25,93864
550,534,597,25,25,93892
580,579,586,25,25,93921
615,565,598,25,25,93950
605,575,591,25,25,93979
597,594,606,25,25,94007
568,573,610,25,25,94036
556,540,646,25,25,94065
557,537,630,25,25,94094
583,543,572,25,25,94122
562,567,563,25,25,94151
553,600,574,25,25,94180
559,608,602,25,25,94209
573,582,571,25,25,94237
583,547,591,25,25,94266
554,493,578,25,25,94295
533,509,576,25,25,94324
472,556,607,25,25,94352
520,549,642,25,25,94381
529,544,654,25,25,94410
577,561,649,25,25,94439
597,606,618,25,25,94467
590,655,628,25,25,94496
572,701,614,25,25,94525
575,761,608,25,25,94554
581,770,596,25,25,94582
573,784,601,25,25,94611
588,813,607,25,25,94640
599,831,664,25,25,94669
586,840,670,25,25,94697
577,857,598,25,25,94726
568,868,578,25,25,94753
597,867,577,25,25,94779
566,865,595,25,25,94805
575,871,617,25,25,94832
543,866,631,25,25,94858
571,859,692,25,25,94885
580,848,688,25,25,94911
598,845,639,25,25,94940
618,827,615,25,25,94969
613,802,618,25,25,94998
594,766,623,25,25,95026
615,705,647,25,25,95055
641,673,659,25,25,95084
634,628,656,25,25,95113
639,584,645,25,25,95141
623,591,625,25,25,95170
604,637,605,25,25,95199
639,586,643,25,25,95228
687,597,678,25,25,95256
777,631,666,25,25,95285
849,607,662,25,25,95314
875,591,665,25,25,95343
876,594,664,-25,25,95371
878,567,675,-25,25,95401
874,572,663,-25,25,95431
866,612,662,-25,25,95461
766,629,659,-25,25,95491
598,602,655,25,25,95524
600,572,660,25,25,95553
600,620,654,25,25,95582
580,581,664,25,25,95611
578,599,664,25,25,95640
606,586,656,25,25,95668
604,569,672,25,25,95697
604,542,642,25,25,95726
616,568,642,25,25,95755
641,603,626,25,25,95783
650,592,615,25,25,95812
743,543,615,25,25,95841
812,526,615,25,25,95870
853,545,595,25,25,95898
854,539,623,-25,25,95927
844,488,606,-25,25,95957
847,516,590,25,25,95990
813,548,605,25,25,96019
790,564,618,25,25,96048
818,566,568,25,25,96077
848,586,587,25,25,96105
843,579,618,25,25,96134
861,521,640,25,25,96163
843,531,622,-25,25,96192
846,513,608,25,25,96225
849,534,622,25,25,96254
865,549,592,25,25,96283
845,526,566,-25,25,96312
866,504,557,25,25,96345
866,527,571,-25,25,96374
853,521,599,-25,25,96404
802,520,537,-25,25,96434
641,502,565,25,25,96467
601,495,555,25,25,96496
621,516,594,25,25,96525
587,571,570,25,25,96553
523,528,554,25,25,96582
538,541,589,25,25,96611
596,542,581,25,25,96640
553,555,558,25,25,96668
586,543,561,25,25,96697
597,483,568,25,25,96726
561,532,597,25,25,96755
627,553,554,25,25,96783
612,572,574,25,25,96812
669,556,516,25,25,96841
714,543,594,25,25,96870
738,541,577,25,25,96898
768,569,598,25,25,96927
788,554,660,25,25,96956
820,568,661,25,25,96985
835,569,654,25,25,97013
842,570,624,25,25,97042
876,576,599,25,25,97071
878,587,662,-25,25,97100
880,564,622,-25,25,97130
863,543,585,-25,25,97160
800,566,572,-25,25,97189
656,600,608,25,25,97223
627,605,636,25,25,97252
641,630,655,25,25,97280
634,611,665,25,25,97309
651,621,662,25,25,97338
642,639,673,25,25,97367
647,641,665,25,25,97395
651,642,633,25,25,97424
653,624,653,25,25,97453
665,646,659,25,25,97482
659,637,651,25,25,97510
652,607,648,25,25,97539
638,633,631,25,25,97568
661,644,658,25,25,97597
697,622,633,25,25,97625
708,622,631,25,25,97654
718,634,609,25,25,97683
733,631,564,25,25,97712
797,634,628,25,25,97740
843,631,633,25,25,97769
884,658,607,25,25,97798
896,631,615,-25,25,97827
884,582,607,-25,25,97857
876,600,625,-25,25,97887
855,619,642,-25,25,97916
746,612,641,-25,25,97946
623,622,640,25,25,97980
643,630,656,25,25,98009
649,650,654,25,25,98037
638,622,647,25,25,98066
649,612,681,25,25,98095
630,648,668,25,25,98124
648,636,633,25,25,98152
644,622,619,25,25,98181
660,607,638,25,25,98210
667,597,645,25,25,98239
666,635,658,25,25,98267
697,635,659,25,25,98296
767,585,605,25,25,98325
827,591,584,25,25,98354
862,629,590,25,25,98382
894,610,663,-25,25,98411
892,625,621,-25,25,98441
881,610,610,-25,25,98471
848,614,639,-25,25,98501
733,628,613,25,25,98534
698,623,615,25,25,98563
685,645,633,25,25,98592
691,612,641,25,25,98621
678,614,664,25,25,98649
694,609,712,25,25,98678
717,601,645,25,25,98707
782,619,600,25,25,98736
825,632,586,25,25,98764
872,591,611,25,25,98793
882,529,641,-25,25,98822
885,572,645,-25,25,98852
873,602,650,-25,25,98882
855,600,681,-25,25,98912
744,604,652,-25,25,98942
637,591,655,25,25,98975
669,589,653,25,25,99004
684,604,676,25,25,99033
669,631,684,25,25,99061
633,631,679,25,25,99090
637,630,698,25,25,99119
649,624,678,25,25,99148
626,586,674,25,25,99176
660,609,630,25,25,99205
672,610,612,25,25,99234
761,612,631,25,25,99263
821,606,648,25,25,99291
865,611,659,25,25,99320
885,597,666,-25,25,99349
879,601,663,-25,25,99379
875,600,650,-25,25,99409
849,621,643,-25,25,99439
714,594,635,25,25,99472
619,625,668,25,25,99501
614,633,655,25,25,99530
620,603,669,25,25,99558
627,567,664,25,25,99587
674,566,657,25,25,99616
797,571,644,25,25,99645
837,556,653,25,25,99673
865,540,660,25,25,99702
874,559,600,-25,25,99731
848,539,585,-25,25,99761
853,527,570,25,25,99794
856,549,602,-25,25,99823
833,552,631,-25,25,99853
726,535,647,25,25,99886
597,544,632,25,25,99915
597,575,674,25,25,99944
591,582,639,25,25,99973
623,553,640,25,25,100001
684,549,615,25,25,100031
766,561,607,25,25,100061
834,548,607,25,25,100091
861,562,578,25,25,100121
867,571,591,-25,25,100151
854,547,564,-25,25,100182
865,544,586,-25,25,100213
874,541,584,-25,25,100244
859,543,587,-25,25,100275
790,553,552,-25,25,100306
567,544,551,25,25,100340
530,543,543,25,25,100370
554,551,546,25,25,100400
536,552,587,25,25,100430
549,563,590,25,25,100460
631,568,592,25,25,100490
750,571,601,25,25,100520
813,586,626,25,25,100549
858,576,614,25,25,100579
864,600,621,-25,25,100609
869,574,594,-25,25,100640
856,569,578,-25,25,100671
859,565,597,-25,25,100702
727,563,592,-25,25,100733
529,552,539,25,25,100767
553,536,555,25,25,100797
583,571,594,25,25,100827
562,572,621,25,25,100857
561,554,613,25,25,100887
578,568,633,25,25,100917
616,587,623,25,25,100947
669,602,637,25,25,100977
769,625,617,25,25,101007
822,630,609,25,25,101037
870,617,660,25,25,101066
866,613,657,-25,25,101096
876,578,636,-25,25,101127
884,583,637,-25,25,101158
850,585,621,-25,25,101189
730,609,603,-25,25,101217
538,587,582,25,25,101252
564,583,612,25,25,101282
568,590,621,25,25,101312
550,590,613,25,25,101341
587,611,610,25,25,101371
599,606,617,25,25,101401
592,612,639,25,25,101431
598,604,645,25,25,101461
624,579,625,25,25,101491
667,550,607,25,25,101521
705,581,619,25,25,101551
755,602,616,25,25,101581
802,609,604,25,25,101611
827,600,647,25,25,101640
850,594,631,25,25,101670
871,601,642,25,25,101697
881,595,624,-25,25,101727
874,587,579,-25,25,101758
867,571,601,-25,25,101789
846,569,600,-25,25,101820
715,558,605,25,25,101855
638,582,619,25,25,101884
661,595,637,25,25,101914
648,625,640,25,25,101944
666,647,641,25,25,101974
704,669,651,25,25,102004
727,650,650,25,25,102034
799,622,658,25,25,102064
837,638,651,25,25,102094
859,638,623,25,25,102124
885,628,610,-25,25,102154
890,609,635,-25,25,102185
878,562,620,-25,25,102215
815,560,625,-25,25,102246
651,605,630,25,25,102281
603,608,624,25,25,102311
617,617,609,25,25,102341
599,602,600,25,25,102371
618,613,605,25,25,102400
615,603,615,25,25,102430
660,608,635,25,25,102460
669,598,623,25,25,102490
612,585,631,25,25,102520
592,608,624,25,25,102550
645,603,652,25,25,102580
677,595,641,25,25,102610
695,611,619,25,25,102640
691,605,609,25,25,102670
718,569,621,25,25,102699
726,538,610,25,25,102729
754,561,609,25,25,102759
804,582,626,25,25,102789
831,597,595,25,25,102819
853,596,607,25,25,102849
863,574,617,-25,25,102879
856,612,631,-25,25,102910
855,611,612,-25,25,102941
802,623,598,-25,25,102972
694,656,593,25,25,103006
637,636,623,25,25,103036
632,644,631,25,25,103066
608,606,636,25,25,103096
562,577,664,25,25,103126
602,593,647,25,25,103156
625,614,670,25,25,103186
615,619,629,25,25,103215
558,642,611,25,25,103245
664,630,604,25,25,103275
684,624,597,25,25,103305
701,613,612,25,25,103335
668,593,605,25,25,103365
749,573,641,25,25,103395
772,573,633,25,25,103425
819,537,650,25,25,103455
829,589,637,25,25,103484
866,562,611,25,25,103514
852,541,616,-25,25,103544
844,524,606,-25,25,103575
846,547,590,25,25,103610
820,555,602,25,25,103640
811,571,601,25,25,103670
826,573,600,25,25,103699
843,561,603,25,25,103729
853,575,585,25,25,103759
854,607,595,-25,25,103789
855,601,636,-25,25,103820
852,553,599,-25,25,103851
830,568,601,-25,25,103882
772,559,600,25,25,103916
664,583,604,25,25,103946
643,583,600,25,25,103976
616,579,623,25,25,104006
603,591,601,25,25,104036
597,580,605,25,25,104066
626,549,613,25,25,104096
662,539,596,25,25,104126
643,551,602,25,25,104156
652,530,584,25,25,104185
658,555,593,25,25,104215
647,587,612,25,25,104245
640,583,610,25,25,104275
631,585,628,25,25,104305
631,520,622,25,25,104335
637,552,634,25,25,104365
655,571,622,25,25,104395
636,601,624,25,25,104425
625,602,636,25,25,104455
622,552,653,25,25,104484
602,557,632,25,25,104514
611,562,614,25,25,104544
619,556,603,25,25,104574
650,569,612,25,25,104604
619,559,617,25,25,104634
580,590,641,25,25,104664
583,594,632,25,25,104694
584,579,633,25,25,104724
595,617,644,25,25,104754
618,610,628,25,25,104783
631,620,637,25,25,104813
620,637,635,25,25,104843
621,615,637,25,25,104873
626,613,659,25,25,104903
603,621,647,25,25,104933
609,623,664,25,25,104963
630,639,648,25,25,104993
623,670,646,25,25,105023
602,687,622,25,25,105053
603,759,600,25,25,105082
597,813,651,25,25,105112
569,845,638,25,25,105142
560,868,620,25,25,105172
572,890,609,25,25,105200
570,878,603,25,25,105227
583,891,591,25,25,105255
579,884,591,25,25,105282
554,874,620,25,25,105310
562,873,632,25,25,105337
582,867,622,25,25,105365
581,868,621,25,25,105392
584,875,646,25,25,105420
600,874,669,25,25,105447
581,877,649,25,25,105475
563,868,620,25,25,105502
596,868,617,25,25,105530
574,869,618,25,25,105557
590,868,624,25,25,105585
589,859,628,25,25,105612
557,839,623,25,25,105640
573,824,605,25,25,105670
543,818,643,25,25,105699
552,795,611,25,25,105729
566,772,633,25,25,105759
594,715,653,25,25,105789
606,661,641,25,25,105819
607,630,607,25,25,105849
590,598,572,25,25,105879
608,610,546,25,25,105909
602,611,573,25,25,105939
554,611,602,25,25,105969
574,612,606,25,25,105998
620,599,652,25,25,106028
644,606,718,25,25,106058
669,655,646,25,25,106088
653,579,611,25,25,106118
651,580,596,25,25,106148
605,604,601,25,25,106178
601,571,616,25,25,106208
600,584,634,25,25,106238
617,590,658,25,25,106267
609,558,717,25,25,106297
599,568,736,25,25,106327
599,601,790,25,25,106357
620,604,819,25,25,106387
627,620,843,25,25,106417
605,614,861,25,25,106447
608,610,879,25,-25,106477
572,600,885,25,-25,106508
565,601,851,25,-25,106539
624,567,765,25,-25,106570
620,589,720,25,-25,106601
620,581,651,25,-25,106631
639,612,657,25,-25,106662
611,623,644,25,-25,106693
559,600,644,25,-25,106724
536,582,626,25,-25,106755
565,595,622,25,-25,106786
545,583,608,25,-25,106817
530,587,600,25,-25,106848
551,597,607,25,-25,106879
530,653,590,25,-25,106910
494,734,569,25,-25,106941
525,832,576,25,-25,106972
548,847,612,25,-25,107003
553,835,636,25,-25,107034
545,849,624,25,-25,107065
548,852,613,25,-25,107096
576,862,600,25,25,107124
531,851,584,25,25,107152
543,840,599,25,25,107179
570,820,572,25,25,107209
594,752,578,25,25,107239
574,673,600,25,25,107269
577,636,617,25,25,107299
578,585,626,25,25,107329
567,582,605,25,25,107358
564,553,595,25,25,107388
579,598,601,25,25,107418
590,587,618,25,25,107448
596,582,636,25,25,107478
570,603,644,25,25,107508
575,625,649,25,25,107538
624,609,643,25,25,107568
633,621,629,25,25,107598
646,633,632,25,25,107628
660,631,660,25,25,107657
619,662,678,25,25,107687
602,689,686,25,25,107717
636,675,705,25,25,107747
623,673,693,25,25,107777
629,675,696,25,25,107807
625,663,685,25,25,107837
626,662,683,25,25,107867
645,658,657,25,25,107897
659,641,646,25,25,107927
669,652,680,25,25,107956
673,643,677,25,25,107986
638,626,691,25,25,108016
623,613,683,25,25,108046
635,632,706,25,25,108076
617,636,696,25,25,108106
660,658,675,25,25,108136
665,665,663,25,25,108166
657,660,659,25,25,108196
625,600,658,25,25,108226
628,611,668,25,25,108255
617,606,661,25,25,108285
609,616,638,25,25,108315
582,590,592,25,25,108345
607,575,592,25,25,108375
616,575,621,25,25,108405
602,553,604,25,25,108435
581,581,629,25,25,108465
591,628,639,25,25,108495
617,712,624,25,25,108524
584,805,626,25,25,108554
609,883,629,25,25,108584
627,870,612,25,25,108612
565,870,613,25,25,108639
567,870,599,25,25,108667
544,872,598,25,25,108694
556,871,631,25,25,108722
536,824,599,25,25,108749
615,854,582,25,25,108779
578,828,568,25,25,108807
520,714,578,25,25,108837
614,602,619,25,25,108866
569,583,599,25,25,108896
534,580,747,25,25,108926
567,611,863,25,25,108956
603,590,874,25,-25,108986
580,528,868,25,-25,109017
572,515,874,25,-25,109048
579,533,873,25,-25,109079
576,570,875,25,-25,109110
563,548,876,25,-25,109141
524,542,873,25,-25,109172
540,568,879,25,-25,109203
564,574,870,25,-25,109234
572,572,868,25,-25,109265
568,544,869,25,-25,109295
553,557,863,25,-25,109326
540,553,852,25,-25,109357
555,527,831,25,-25,109388
577,502,811,25,-25,109419
582,555,784,25,-25,109450
555,559,735,25,-25,109481
578,574,690,25,-25,109512
588,570,665,25,-25,109543
575,564,634,25,-25,109574
598,598,617,25,-25,109605
603,592,595,25,-25,109636
601,605,585,25,-25,109667
605,597,600,25,-25,109698
617,571,584,25,-25,109729
611,576,578,25,-25,109760
597,585,597,25,-25,109791
628,571,611,25,-25,109821
590,591,623,25,-25,109852
601,624,605,25,-25,109883
588,626,625,25,-25,109914
581,653,600,25,-25,109945
563,746,598,25,-25,109976
553,800,616,25,-25,110007
578,823,632,25,-25,110038
591,853,651,25,-25,110069
583,863,649,25,25,110098
599,869,641,25,25,110125
600,860,629,25,25,110153
602,864,626,25,25,110180
585,869,600,25,25,110208
588,864,597,25,25,110235
568,860,590,25,25,110263
542,858,590,25,25,110290
582,861,593,25,25,110318
558,858,582,25,25,110345
570,830,591,25,25,110373
531,772,591,25,25,110402
523,685,579,25,25,110432
557,649,590,25,25,110462
546,655,604,25,25,110492
510,616,581,25,25,110522
568,614,631,25,25,110552
572,605,606,25,25,110582
535,607,595,25,25,110612
509,560,599,25,25,110642
541,511,587,25,25,110672
548,581,567,25,25,110701
573,589,593,25,25,110731
561,601,593,25,25,110761
577,603,606,25,25,110791
588,551,619,25,25,110821
586,544,636,25,25,110851
576,535,619,25,25,110881
588,542,623,25,25,110911
602,612,641,25,25,110941
635,620,612,25,25,110970
629,587,594,25,25,111000
631,569,590,25,25,111030
606,557,562,25,25,111060
630,604,586,25,25,111090
606,579,593,25,25,111120
600,592,610,25,25,111150
616,608,621,25,25,111180
613,613,641,25,25,111210
614,619,700,25,25,111240
620,630,695,25,25,111269
630,612,676,25,25,111299
650,645,657,25,25,111329
656,675,659,25,25,111359
654,673,700,25,25,111389
638,669,666,25,25,111419
630,680,641,25,25,111449
619,687,659,25,25,111479
599,698,661,25,25,111509
626,732,658,25,25,111539
640,741,632,25,25,111568
646,763,620,25,25,111598
651,776,610,25,25,111628
649,800,657,25,25,111658
646,829,708,25,25,111688
659,831,694,25,25,111718
648,838,693,25,25,111748
653,855,656,25,25,111778
634,871,650,25,25,111805
629,890,647,25,25,111833
620,897,664,25,25,111860
591,888,645,25,25,111888
586,894,656,25,25,111915
617,886,672,25,25,111943
610,897,639,25,25,111970
629,891,635,25,25,111998
629,865,655,25,25,112025
628,886,659,25,25,112053
610,879,647,25,25,112080
595,870,594,25,25,112108
572,876,586,25,25,112135
583,851,593,25,25,112163
557,802,610,25,25,112190
549,758,610,25,25,112220
584,660,590,25,25,112250
556,594,619,25,25,112280
613,598,637,25,25,112310
609,583,614,25,25,112340
568,589,624,25,25,112370
609,570,706,25,25,112400
597,552,861,25,25,112429
544,602,886,25,-25,112459
532,567,882,25,-25,112490
527,556,878,25,-25,112521
536,560,895,25,-25,112552
530,539,871,25,-25,112583
540,556,873,25,-25,112614
525,539,865,25,-25,112645
542,534,862,25,-25,112676
556,519,837,25,-25,112707
567,543,815,25,-25,112738
549,549,793,25,-25,112769
537,545,743,25,-25,112800
529,536,684,25,-25,112831
569,550,672,25,-25,112862
590,546,653,25,-25,112892
564,546,620,25,-25,112923
554,559,609,25,-25,112954
544,533,598,25,-25,112985
566,514,597,25,-25,113016
568,512,593,25,-25,113047
552,512,599,25,-25,113078
558,538,583,25,-25,113109
563,549,583,25,-25,113140
558,542,585,25,-25,113171
567,549,593,25,-25,113202
566,571,604,25,-25,113233
529,611,620,25,-25,113264
568,662,606,25,-25,113295
609,739,618,25,-25,113326
598,786,608,25,-25,113357
620,837,619,25,-25,113388
618,865,609,25,-25,113418
607,864,607,25,25,113447
604,873,603,25,25,113475
568,870,595,25,25,113502
569,870,604,25,25,113530
593,876,603,25,25,113557
607,874,596,25,25,113585
612,872,603,25,25,113612
630,872,624,25,25,113640
614,882,636,25,25,113667
591,850,650,25,25,113695
567,815,649,25,25,113721
559,731,631,25,25,113751
569,664,611,25,25,113781
599,634,597,25,25,113811
610,598,593,25,25,113841
596,599,597,25,25,113871
611,613,620,25,25,113901
653,604,625,25,25,113931
622,619,635,25,25,113961
583,617,639,25,25,113991
604,616,620,25,25,114021
624,625,616,25,25,114050
621,648,610,25,25,114080
617,633,618,25,25,114110
601,641,634,25,25,114140
609,657,657,25,25,114170
618,631,625,25,25,114200
617,657,604,25,25,114230
598,670,625,25,25,114260
575,732,633,25,25,114290
588,767,631,25,25,114320
574,772,613,25,25,114349
577,801,630,25,25,114379
556,836,610,25,25,114409
530,858,593,25,25,114439
560,861,571,25,25,114467
597,872,610,25,25,114494
606,869,622,25,25,114522
567,872,613,25,25,114549
588,869,603,25,25,114577
580,871,607,25,25,114604
546,873,615,25,25,114632
555,874,631,25,25,114659
567,875,627,25,25,114687
567,871,651,25,25,114714
583,879,651,25,25,114742
594,871,644,25,25,114769
581,854,650,25,25,114797
559,817,643,25,25,114824
635,772,637,25,25,114854
586,706,626,25,25,114884
604,664,642,25,25,114914
656,620,617,25,25,114944
590,620,610,25,25,114974
551,590,610,25,25,115004
543,576,604,25,25,115033
567,570,595,25,25,115063
589,599,646,25,25,115093
602,593,660,25,25,115123
599,623,730,25,25,115153
583,611,818,25,25,115183
595,598,870,25,25,115213
600,564,886,25,-25,115243
587,564,881,25,-25,115274
606,583,888,25,-25,115305
619,606,885,25,-25,115336
614,606,880,25,-25,115366
616,609,877,25,-25,115397
641,586,861,25,-25,115428
655,587,837,25,-25,115459
676,588,823,25,-25,115490
626,592,776,25,-25,115521
637,585,705,25,-25,115552
618,585,702,25,-25,115583
627,587,649,25,-25,115614
634,581,636,25,-25,115645
624,573,610,25,-25,115676
633,562,597,25,-25,115707
668,581,604,25,-25,115738
665,595,601,25,-25,115769
658,614,630,25,-25,115800
634,619,614,25,-25,115831
621,624,626,25,-25,115862
624,623,666,25,-25,115892
621,657,681,25,-25,115923
589,716,691,25,-25,115954
580,810,687,25,-25,115985
592,862,652,25,-25,116016
631,875,637,25,25,116045
643,878,627,25,25,116072
645,881,632,25,25,116100
641,882,629,25,25,116127
621,877,635,25,25,116155
601,874,607,25,25,116182
586,871,602,25,25,116210
618,794,610,25,25,116237
629,681,610,25,25,116267
638,590,620,25,25,116297
617,611,652,25,25,116327
569,610,628,25,25,116357
616,621,576,25,25,116387
813,589,597,25,25,116417
871,585,573,25,25,116447
870,540,532,-25,25,116476
860,519,556,-25,25,116507
857,536,577,-25,25,116538
856,590,587,-25,25,116569
843,564,591,-25,25,116600
857,570,586,25,25,116635
851,587,680,-25,25,116665
794,568,605,-25,25,116696
681,545,568,25,25,116730
598,563,597,25,25,116760
573,558,589,25,25,116790
587,600,626,25,25,116820
611,550,616,25,25,116850
676,571,586,25,25,116879
785,588,610,25,25,116909
851,563,574,25,25,116939
864,556,564,-25,25,116969
837,538,594,-25,25,117000
849,532,587,25,25,117035
852,519,595,25,25,117065
851,569,613,-25,25,117094
846,558,590,-25,25,117125
775,549,580,25,25,117160
591,530,601,25,25,117190
561,525,611,25,25,117220
585,526,599,25,25,117250
625,536,607,25,25,117279
646,535,645,25,25,117309
703,570,637,25,25,117339
770,578,649,25,25,117369
803,611,665,25,25,117399
858,610,646,25,25,117429
869,620,648,-25,25,117459
867,601,635,-25,25,117490
861,624,625,-25,25,117521
732,604,627,-25,25,117552
592,618,647,25,25,117586
605,631,645,25,25,117616
618,619,660,25,25,117646
625,601,665,25,25,117676
613,584,657,25,25,117706
605,555,656,25,25,117736
613,614,664,25,25,117765
598,644,673,25,25,117795
590,635,639,25,25,117825
618,637,624,25,25,117855
627,630,641,25,25,117885
612,626,616,25,25,117915
620,624,623,25,25,117945
616,621,606,25,25,117975
621,618,607,25,25,118005
616,621,659,25,25,118035
617,591,647,25,25,118064
677,572,625,25,25,118094
832,581,626,25,25,118124
933,591,617,25,25,118154
868,584,628,-25,25,118184
882,592,653,-25,25,118215
884,599,647,-25,25,118246
820,568,619,-25,25,118277
632,567,603,25,25,118311
601,612,641,25,25,118341
602,662,657,25,25,118371
605,673,644,25,25,118401
622,638,604,25,25,118431
617,649,611,25,25,118461
609,638,638,25,25,118491
643,643,647,25,25,118521
743,650,631,25,25,118551
864,634,591,25,25,118580
880,619,605,-25,25,118610
881,596,603,-25,25,118641
876,576,585,-25,25,118672
734,597,621,-25,25,118703
566,592,607,25,25,118738
595,614,581,25,25,118768
603,641,631,25,25,118797
609,643,674,25,25,118827
596,615,651,25,25,118857
595,637,631,25,25,118887
553,625,671,25,25,118917
616,635,640,25,25,118947
755,597,608,25,25,118977
861,589,616,25,25,119007
897,582,650,-25,25,119037
894,567,631,-25,25,119068
895,609,645,-25,25,119098
855,634,642,-25,25,119129
677,628,658,-25,25,119160
595,644,649,25,25,119195
610,710,634,25,25,119225
621,747,619,25,25,119255
584,716,642,25,25,119285
593,706,657,25,25,119314
580,645,644,25,25,119344
622,654,662,25,25,119374
648,651,642,25,25,119404
731,625,696,25,25,119434
823,648,699,25,25,119464
896,672,677,25,25,119494
902,663,667,-25,25,119524
895,638,632,-25,25,119555
893,649,637,-25,25,119586
891,672,669,-25,25,119617
808,657,658,-25,25,119647
643,665,667,25,25,119682
631,647,694,25,25,119712
644,661,699,25,25,119742
653,654,679,25,25,119772
639,652,699,25,25,119802
648,665,652,25,25,119831
714,625,655,25,25,119861
840,607,658,25,25,119891
902,622,682,25,25,119921
906,634,652,-25,25,119951
889,622,652,-25,25,119982
891,614,631,-25,25,120013
891,627,649,-25,25,120044
866,641,663,-25,25,120075
688,608,639,-25,25,120106
634,595,640,25,25,120140
607,594,652,25,25,120170
657,628,672,25,25,120200
649,613,676,25,25,120230
649,622,609,25,25,120260
672,643,603,25,25,120290
707,625,671,25,25,120320
714,604,654,25,25,120350
789,635,644,25,25,120379
851,634,648,25,25,120409
884,623,644,-25,25,120439
885,610,630,-25,25,120470
878,600,620,-25,25,120501
854,585,612,-25,25,120532
702,566,635,-25,25,120563
596,627,645,25,25,120597
609,662,653,25,25,120627
638,696,686,25,25,120657
643,662,666,25,25,120687
627,594,648,25,25,120717
647,595,655,25,25,120747
643,627,653,25,25,120777
616,625,659,25,25,120807
655,657,627,25,25,120837
734,645,626,25,25,120867
801,614,630,25,25,120896
865,591,640,25,25,120926
887,609,648,-25,25,120956
886,628,640,-25,25,120987
878,610,634,-25,25,121018
868,618,645,-25,25,121049
789,627,631,-25,25,121080
647,605,611,25,25,121114
628,659,636,25,25,121144
662,674,684,25,25,121174
659,667,706,25,25,121204
656,630,678,25,25,121234
647,635,674,25,25,121264
658,617,663,25,25,121294
685,591,669,25,25,121324
713,639,670,25,25,121354
781,623,667,25,25,121384
804,581,680,25,25,121413
835,588,677,25,25,121443
871,616,622,25,25,121473
873,621,648,-25,25,121503
876,622,646,-25,25,121534
879,612,665,-25,25,121565
810,603,645,-25,25,121596
651,594,652,25,25,121630
614,602,674,25,25,121660
621,627,700,25,25,121690
608,647,656,25,25,121720
608,616,649,25,25,121750
618,587,647,25,25,121780
572,595,650,25,25,121810
594,582,642,25,25,121840
620,619,659,25,25,121870
603,619,649,25,25,121899
597,634,636,25,25,121929
627,644,625,25,25,121959
637,583,607,25,25,121989
650,591,607,25,25,122019
693,588,610,25,25,122049
727,514,587,25,25,122079
756,555,578,25,25,122109
792,545,568,25,25,122139
802,585,623,25,25,122169
817,592,607,25,25,122198
812,591,598,25,25,122228
835,600,605,25,25,122258
855,595,618,25,25,122288
859,592,638,-25,25,122318
850,604,618,-25,25,122349
833,608,624,-25,25,122376
717,599,617,25,25,122412
619,585,626,25,25,122442
589,586,622,25,25,122471
540,554,655,25,25,122501
563,533,629,25,25,122531
590,513,587,25,25,122561
570,589,608,25,25,122591
555,586,619,25,25,122621
578,607,622,25,25,122651
621,621,598,25,25,122681
627,610,636,25,25,122711
582,612,631,25,25,122740
582,603,625,25,25,122770
594,591,629,25,25,122800
586,625,651,25,25,122830
525,623,640,25,25,122860
622,624,616,25,25,122890
646,608,617,25,25,122920
588,614,624,25,25,122950
607,638,665,25,25,122980
611,626,669,25,25,123010
627,644,666,25,25,123039
639,626,663,25,25,123069
642,652,658,25,25,123099
646,687,671,25,25,123129
671,700,678,25,25,123159
676,708,682,25,25,123189
675,677,703,25,25,123219
690,671,699,25,25,123249
677,665,689,25,25,123279
664,674,682,25,25,123309
671,693,693,25,25,123338
694,685,697,25,25,123368
678,673,673,25,25,123398
677,691,690,25,25,123428
689,687,745,25,25,123458
704,688,708,25,25,123488
670,667,677,25,25,123518
651,657,667,25,25,123548
671,635,686,25,25,123578
650,637,673,25,25,123608
661,624,675,25,25,123637
701,647,680,25,25,123667
703,636,669,25,25,123697
726,618,662,25,25,123727
739,606,628,25,25,123757
752,588,604,25,25,123787
800,613,621,25,25,123817
825,591,642,25,25,123847
843,577,637,25,25,123877
851,584,651,25,25,123906
860,576,641,-25,25,123936
850,533,608,-25,25,123967
841,534,615,-25,25,123995
788,542,652,25,25,124030
714,538,653,25,25,124060
682,514,647,25,25,124090
662,521,617,25,25,124120
635,547,604,25,25,124150
627,587,591,25,25,124179
658,561,598,25,25,124209
621,559,624,25,25,124239
629,554,591,25,25,124269
637,553,585,25,25,124299
673,537,555,25,25,124329
684,529,552,25,25,124359
729,540,565,25,25,124389
736,580,585,25,25,124419
762,576,604,25,25,124449
770,559,604,25,25,124478
780,576,546,25,25,124508
786,563,564,25,25,124538
808,580,560,25,25,124568
825,584,578,25,25,124598
827,543,620,25,25,124628
835,529,611,25,25,124658
855,511,605,25,25,124688
860,567,606,-25,25,124718
849,557,622,-25,25,124749
815,553,635,25,25,124783
750,591,648,25,25,124813
690,593,646,25,25,124843
676,587,641,25,25,124873
695,594,635,25,25,124903
713,605,661,25,25,124932
699,612,660,25,25,124962
726,616,627,25,25,124992
755,643,651,25,25,125022
789,601,661,25,25,125052
802,618,659,25,25,125082
806,650,653,25,25,125112
803,635,645,25,25,125142
817,619,673,25,25,125172
839,633,673,25,25,125202
841,635,671,25,25,125231
855,615,669,25,25,125261
853,628,655,-25,25,125291
857,663,680,-25,25,125322
814,658,646,-25,25,125353
671,626,654,25,25,125388
636,631,661,25,25,125418
634,631,674,25,25,125447
614,620,681,25,25,125477
628,674,661,25,25,125507
659,627,664,25,25,125537
645,576,662,25,25,125567
642,600,628,25,25,125597
656,642,635,25,25,125627
647,622,652,25,25,125657
656,591,652,25,25,125687
672,597,647,25,25,125717
660,598,638,25,25,125746
669,599,598,25,25,125776
617,585,609,25,25,125806
611,575,596,25,25,125836
619,555,614,25,25,125866
652,567,597,25,25,125896
644,555,593,25,25,125926
606,570,580,25,25,125956
633,570,600,25,25,125986
663,560,604,25,25,126015
730,540,598,25,25,126045
748,568,582,25,25,126075
774,596,568,25,25,126105
784,560,570,25,25,126135
814,569,583,25,25,126165
824,554,601,25,25,126195
844,514,592,25,25,126225
843,533,570,25,25,126255
856,565,582,25,25,126285
847,565,567,-25,25,126314
847,526,581,25,25,126349
847,517,597,25,25,126379
852,479,613,25,25,126409
851,469,631,-25,25,126439
836,500,611,-25,25,126470
837,508,613,25,25,126504
742,546,602,25,25,126534
700,565,640,25,25,126564
718,553,597,25,25,126594
701,566,597,25,25,126624
663,595,604,25,25,126654
682,565,577,25,25,126683
703,563,616,25,25,126713
737,585,637,25,25,126743
753,596,635,25,25,126773
697,623,622,25,25,126803
757,615,629,25,25,126833
772,602,645,25,25,126863
787,579,650,25,25,126893
800,569,650,25,25,126923
806,558,656,25,25,126953
810,577,657,25,25,126982
824,594,652,25,25,127012
823,543,659,25,25,127042
837,610,647,25,25,127072
845,624,621,25,25,127102
847,626,668,25,25,127132
858,601,655,25,25,127162
874,608,665,-25,25,127192
862,617,675,-25,25,127223
845,617,698,-25,25,127254
730,599,639,25,25,127288
660,600,648,25,25,127318
662,628,644,25,25,127348
650,612,633,25,25,127378
651,609,660,25,25,127408
640,627,680,25,25,127438
653,636,675,25,25,127467
655,631,664,25,25,127497
632,650,649,25,25,127527
653,643,644,25,25,127557
646,633,644,25,25,127587
660,552,646,25,25,127617
656,563,643,25,25,127647
663,624,605,25,25,127677
672,624,614,25,25,127707
699,588,644,25,25,127737
670,573,658,25,25,127766
659,616,641,25,25,127796
691,630,627,25,25,127826
707,634,612,25,25,127856
712,631,618,25,25,127886
772,602,614,25,25,127916
801,592,653,25,25,127946
820,607,632,25,25,127976
836,617,602,25,25,128006
852,604,587,25,25,128036
874,603,600,-25,25,128065
865,596,641,-25,25,128096
845,596,635,-25,25,128127
733,609,646,25,25,128162
626,597,622,25,25,128192
621,633,639,25,25,128222
630,616,649,25,25,128251
639,610,639,25,25,128281
656,600,639,25,25,128311
668,575,627,25,25,128341
662,606,636,25,25,128371
700,623,636,25,25,128401
749,611,657,25,25,128431
769,604,651,25,25,128461
796,592,638,25,25,128491
802,575,608,25,25,128521
829,579,633,25,25,128550
839,524,641,25,25,128580
860,540,648,25,25,128610
864,567,640,-25,25,128640
852,564,624,-25,25,128671
840,537,613,-25,25,128702
778,539,624,25,25,128736
681,577,622,25,25,128766
645,592,636,25,25,128796
649,576,631,25,25,128826
713,569,645,25,25,128856
715,560,639,25,25,128886
719,574,625,25,25,128916
746,602,627,25,25,128946
783,596,618,25,25,128976
784,583,627,25,25,129006
796,570,650,25,25,129035
808,576,673,25,25,129065
831,590,694,25,25,129095
852,564,686,25,25,129125
862,593,660,-25,25,129155
853,598,647,-25,25,129186
806,613,643,-25,25,129217
645,607,634,25,25,129251
579,617,659,25,25,129281
579,638,663,25,25,129311
569,631,639,25,25,129341
600,617,648,25,25,129371
605,600,628,25,25,129401
599,565,624,25,25,129431
586,554,616,25,25,129461
604,564,622,25,25,129491
628,572,624,25,25,129520
615,589,620,25,25,129550
599,584,624,25,25,129580
600,582,645,25,25,129610
602,576,671,25,25,129640
604,606,630,25,25,129670
607,595,634,25,25,129700
618,591,629,25,25,129730
634,594,622,25,25,129760
630,603,624,25,25,129790
628,619,612,25,25,129819
661,600,623,25,25,129849
822,859,871,25,25,129879
885,868,869,25,-25,130118
894,832,866,0,0,130149
894,813,915,0,0,130177
891,769,944,0,0,130204
888,784,947,0,0,130232
888,817,944,0,0,130260
891,822,940,0,0,130288
895,817,934,0,0,130315
894,816,929,0,0,130343
891,818,924,0,0,130371
893,816,929,0,0,130398
891,821,926,0,0,130426
891,820,923,0,0,130454
895,815,923,0,0,130481
893,817,928,0,0,130509
890,820,921,0,0,130537
892,817,927,0,0,130565
889,820,923,0,0,130592
893,817,927,0,0,130620
893,815,923,0,0,130648
893,818,922,0,0,130675
888,818,924,0,0,130703
889,820,922,0,0,130731
893,816,925,0,0,130759
891,817,925,0,0,130786
891,818,924,0,0,130814
888,818,924,0,0,130842
893,816,924,0,0,130869
892,817,921,0,0,130897
889,821,920,0,0,130925
890,817,926,0,0,130953
891,814,922,0,0,130980
890,819,921,0,0,131008
